task_id,phase,app,epic,title,priority,depends_on,size,deliverables,acceptance_criteria,test_requirements,status,domain_group
COD-001,0-工程基线,ione_hrp,工程基础,建立mono-repo与分支保护,P0,,M,DocType/Service/API/Workspace/Fixtures/Tests/Docs as applicable,建立mono-repo与分支保护完成；权限、审计、幂等和异常路径有自动化测试；不得修改Frappe/ERPNext/HRMS核心源码。,unit + integration; workflow/API tasks require end-to-end test; ledger tasks require concurrency/reversal test,Done,Platform
COD-002,0-工程基线,ione_hrp,工程基础,锁定Frappe/ERPNext/HRMS版本与SHA,P0,COD-001,M,DocType/Service/API/Workspace/Fixtures/Tests/Docs as applicable,锁定Frappe/ERPNext/HRMS版本与SHA完成；权限、审计、幂等和异常路径有自动化测试；不得修改Frappe/ERPNext/HRMS核心源码。,unit + integration; workflow/API tasks require end-to-end test; ledger tasks require concurrency/reversal test,Done,Platform
COD-003,0-工程基线,ione_hrp,工程基础,完善单应用多模块骨架,P0,COD-002,M,DocType/Service/API/Workspace/Fixtures/Tests/Docs as applicable,完善ione_hrp单应用36模块骨架完成；权限、审计、幂等和异常路径有自动化测试；不得修改Frappe/ERPNext/HRMS核心源码。,unit + integration; workflow/API tasks require end-to-end test; ledger tasks require concurrency/reversal test,Done,Platform
COD-004,0-工程基线,ione_hrp,工程基础,配置ruff/pyright/eslint/prettier,P0,COD-003,L,DocType/Service/API/Workspace/Fixtures/Tests/Docs as applicable,配置ruff/pyright/eslint/prettier完成；权限、审计、幂等和异常路径有自动化测试；不得修改Frappe/ERPNext/HRMS核心源码。,unit + integration; workflow/API tasks require end-to-end test; ledger tasks require concurrency/reversal test,Done,Platform
COD-005,0-工程基线,ione_hrp,工程基础,建立CI单元/集成/前端测试流水线,P0,COD-004,M,DocType/Service/API/Workspace/Fixtures/Tests/Docs as applicable,建立CI单元/集成/前端测试流水线完成；权限、审计、幂等和异常路径有自动化测试；不得修改Frappe/ERPNext/HRMS核心源码。,unit + integration; workflow/API tasks require end-to-end test; ledger tasks require concurrency/reversal test,Done,Platform
COD-006,0-工程基线,ione_hrp,工程基础,建立开发测试演示环境,P0,COD-005,M,DocType/Service/API/Workspace/Fixtures/Tests/Docs as applicable,建立开发测试演示环境完成；权限、审计、幂等和异常路径有自动化测试；不得修改Frappe/ERPNext/HRMS核心源码。,unit + integration; workflow/API tasks require end-to-end test; ledger tasks require concurrency/reversal test,Done,Platform
COD-007,0-工程基线,ione_hrp,工程基础,建立fixtures导出规范,P0,COD-006,M,DocType/Service/API/Workspace/Fixtures/Tests/Docs as applicable,建立fixtures导出规范完成；权限、审计、幂等和异常路径有自动化测试；不得修改Frappe/ERPNext/HRMS核心源码。,unit + integration; workflow/API tasks require end-to-end test; ledger tasks require concurrency/reversal test,Done,Platform
COD-008,0-工程基线,ione_hrp,工程基础,建立ADR和变更治理,P0,COD-007,L,DocType/Service/API/Workspace/Fixtures/Tests/Docs as applicable,建立ADR和变更治理完成；权限、审计、幂等和异常路径有自动化测试；不得修改Frappe/ERPNext/HRMS核心源码。,unit + integration; workflow/API tasks require end-to-end test; ledger tasks require concurrency/reversal test,Done,Platform
COD-009,0-工程基线,ione_hrp,工程基础,建立统一异常和错误码,P0,COD-008,M,DocType/Service/API/Workspace/Fixtures/Tests/Docs as applicable,建立统一异常和错误码完成；权限、审计、幂等和异常路径有自动化测试；不得修改Frappe/ERPNext/HRMS核心源码。,unit + integration; workflow/API tasks require end-to-end test; ledger tasks require concurrency/reversal test,Done,Platform
COD-010,0-工程基线,ione_hrp,工程基础,建立审计上下文与关联ID,P0,COD-009,M,DocType/Service/API/Workspace/Fixtures/Tests/Docs as applicable,建立审计上下文与关联ID完成；权限、审计、幂等和异常路径有自动化测试；不得修改Frappe/ERPNext/HRMS核心源码。,unit + integration; workflow/API tasks require end-to-end test; ledger tasks require concurrency/reversal test,Done,Platform
COD-011,0-工程基线,ione_hrp,工程基础,建立领域服务基类,P0,COD-010,M,DocType/Service/API/Workspace/Fixtures/Tests/Docs as applicable,建立领域服务基类完成；权限、审计、幂等和异常路径有自动化测试；不得修改Frappe/ERPNext/HRMS核心源码。,unit + integration; workflow/API tasks require end-to-end test; ledger tasks require concurrency/reversal test,Done,Platform
COD-012,0-工程基线,ione_hrp,工程基础,建立不可变台账基类,P0,COD-011,L,DocType/Service/API/Workspace/Fixtures/Tests/Docs as applicable,建立不可变台账基类完成；权限、审计、幂等和异常路径有自动化测试；不得修改Frappe/ERPNext/HRMS核心源码。,unit + integration; workflow/API tasks require end-to-end test; ledger tasks require concurrency/reversal test,Done,Platform
COD-013,0-工程基线,ione_hrp,工程基础,建立Outbox/Inbox基类,P0,COD-012,M,DocType/Service/API/Workspace/Fixtures/Tests/Docs as applicable,建立Outbox/Inbox基类完成；权限、审计、幂等和异常路径有自动化测试；不得修改Frappe/ERPNext/HRMS核心源码。,unit + integration; workflow/API tasks require end-to-end test; ledger tasks require concurrency/reversal test,Done,Platform
COD-014,0-工程基线,ione_hrp,工程基础,建立测试数据工厂,P0,COD-013,M,DocType/Service/API/Workspace/Fixtures/Tests/Docs as applicable,建立测试数据工厂完成；权限、审计、幂等和异常路径有自动化测试；不得修改Frappe/ERPNext/HRMS核心源码。,unit + integration; workflow/API tasks require end-to-end test; ledger tasks require concurrency/reversal test,Done,Platform
COD-015,0-工程基线,ione_hrp,工程基础,建立性能基线与压测脚本,P0,COD-014,M,DocType/Service/API/Workspace/Fixtures/Tests/Docs as applicable,建立性能基线与压测脚本完成；权限、审计、幂等和异常路径有自动化测试；不得修改Frappe/ERPNext/HRMS核心源码。,unit + integration; workflow/API tasks require end-to-end test; ledger tasks require concurrency/reversal test,Done,Platform
COD-016,0-工程基线,ione_hrp,工程基础,建立安全扫描和SBOM,P0,COD-015,L,DocType/Service/API/Workspace/Fixtures/Tests/Docs as applicable,建立安全扫描和SBOM完成；权限、审计、幂等和异常路径有自动化测试；不得修改Frappe/ERPNext/HRMS核心源码。,unit + integration; workflow/API tasks require end-to-end test; ledger tasks require concurrency/reversal test,Done,Platform
COD-017,1-核心闭环,ione_hrp,HRP核心平台,实现HRP System Settings,P0,COD-001,M,DocType/Service/API/Workspace/Fixtures/Tests/Docs as applicable,实现HRP System Settings完成；权限、审计、幂等和异常路径有自动化测试；不得修改Frappe/ERPNext/HRMS核心源码。,unit + integration; workflow/API tasks require end-to-end test; ledger tasks require concurrency/reversal test,Done,Core
COD-018,1-核心闭环,ione_hrp,HRP核心平台,实现组织层级与版本,P0,COD-017,M,DocType/Service/API/Workspace/Fixtures/Tests/Docs as applicable,实现组织层级与版本完成；权限、审计、幂等和异常路径有自动化测试；不得修改Frappe/ERPNext/HRMS核心源码。,unit + integration; workflow/API tasks require end-to-end test; ledger tasks require concurrency/reversal test,Done,Core
COD-019,1-核心闭环,ione_hrp,HRP核心平台,实现组织与标准Department/Cost Center映射,P0,COD-018,M,DocType/Service/API/Workspace/Fixtures/Tests/Docs as applicable,实现组织与标准Department/Cost Center映射完成；权限、审计、幂等和异常路径有自动化测试；不得修改Frappe/ERPNext/HRMS核心源码。,unit + integration; workflow/API tasks require end-to-end test; ledger tasks require concurrency/reversal test,In Progress,Core
COD-020,1-核心闭环,ione_hrp,HRP核心平台,实现主数据域和变更申请,P0,COD-019,L,DocType/Service/API/Workspace/Fixtures/Tests/Docs as applicable,实现主数据域和变更申请完成；权限、审计、幂等和异常路径有自动化测试；不得修改Frappe/ERPNext/HRMS核心源码。,unit + integration; workflow/API tasks require end-to-end test; ledger tasks require concurrency/reversal test,Not Started,Core
COD-021,1-核心闭环,ione_hrp,HRP核心平台,实现外部编码映射,P0,COD-020,M,DocType/Service/API/Workspace/Fixtures/Tests/Docs as applicable,实现外部编码映射完成；权限、审计、幂等和异常路径有自动化测试；不得修改Frappe/ERPNext/HRMS核心源码。,unit + integration; workflow/API tasks require end-to-end test; ledger tasks require concurrency/reversal test,Not Started,Core
COD-022,1-核心闭环,ione_hrp,HRP核心平台,实现主数据质量规则,P0,COD-021,M,DocType/Service/API/Workspace/Fixtures/Tests/Docs as applicable,实现主数据质量规则完成；权限、审计、幂等和异常路径有自动化测试；不得修改Frappe/ERPNext/HRMS核心源码。,unit + integration; workflow/API tasks require end-to-end test; ledger tasks require concurrency/reversal test,Not Started,Core
COD-023,1-核心闭环,ione_hrp,HRP核心平台,实现统一编号服务,P0,COD-022,M,DocType/Service/API/Workspace/Fixtures/Tests/Docs as applicable,实现统一编号服务完成；权限、审计、幂等和异常路径有自动化测试；不得修改Frappe/ERPNext/HRMS核心源码。,unit + integration; workflow/API tasks require end-to-end test; ledger tasks require concurrency/reversal test,Not Started,Core
COD-024,1-核心闭环,ione_hrp,HRP核心平台,实现访问范围和数据权限查询,P0,COD-023,L,DocType/Service/API/Workspace/Fixtures/Tests/Docs as applicable,实现访问范围和数据权限查询完成；权限、审计、幂等和异常路径有自动化测试；不得修改Frappe/ERPNext/HRMS核心源码。,unit + integration; workflow/API tasks require end-to-end test; ledger tasks require concurrency/reversal test,Not Started,Core
COD-025,1-核心闭环,ione_hrp,HRP核心平台,实现审批矩阵解析器,P0,COD-024,M,DocType/Service/API/Workspace/Fixtures/Tests/Docs as applicable,实现审批矩阵解析器完成；权限、审计、幂等和异常路径有自动化测试；不得修改Frappe/ERPNext/HRMS核心源码。,unit + integration; workflow/API tasks require end-to-end test; ledger tasks require concurrency/reversal test,Not Started,Core
COD-026,1-核心闭环,ione_hrp,HRP核心平台,实现审批委托,P0,COD-025,M,DocType/Service/API/Workspace/Fixtures/Tests/Docs as applicable,实现审批委托完成；权限、审计、幂等和异常路径有自动化测试；不得修改Frappe/ERPNext/HRMS核心源码。,unit + integration; workflow/API tasks require end-to-end test; ledger tasks require concurrency/reversal test,Not Started,Core
COD-027,1-核心闭环,ione_hrp,HRP核心平台,实现不相容职责校验,P0,COD-026,M,DocType/Service/API/Workspace/Fixtures/Tests/Docs as applicable,实现不相容职责校验完成；权限、审计、幂等和异常路径有自动化测试；不得修改Frappe/ERPNext/HRMS核心源码。,unit + integration; workflow/API tasks require end-to-end test; ledger tasks require concurrency/reversal test,Not Started,Core
COD-028,1-核心闭环,ione_hrp,HRP核心平台,实现SLA和升级,P0,COD-027,L,DocType/Service/API/Workspace/Fixtures/Tests/Docs as applicable,实现SLA和升级完成；权限、审计、幂等和异常路径有自动化测试；不得修改Frappe/ERPNext/HRMS核心源码。,unit + integration; workflow/API tasks require end-to-end test; ledger tasks require concurrency/reversal test,Not Started,Core
COD-029,1-核心闭环,ione_hrp,HRP核心平台,实现业务规则引擎,P0,COD-028,M,DocType/Service/API/Workspace/Fixtures/Tests/Docs as applicable,实现业务规则引擎完成；权限、审计、幂等和异常路径有自动化测试；不得修改Frappe/ERPNext/HRMS核心源码。,unit + integration; workflow/API tasks require end-to-end test; ledger tasks require concurrency/reversal test,Not Started,Core
COD-030,1-核心闭环,ione_hrp,HRP核心平台,交付核心工作台与报表,P0,COD-029,M,DocType/Service/API/Workspace/Fixtures/Tests/Docs as applicable,交付核心工作台与报表完成；权限、审计、幂等和异常路径有自动化测试；不得修改Frappe/ERPNext/HRMS核心源码。,unit + integration; workflow/API tasks require end-to-end test; ledger tasks require concurrency/reversal test,Not Started,Core
COD-031,1-核心闭环,ione_hrp,财务预算成本,实现预算版本与计划,P0,COD-001,M,DocType/Service/API/Workspace/Fixtures/Tests/Docs as applicable,实现预算版本与计划完成；权限、审计、幂等和异常路径有自动化测试；不得修改Frappe/ERPNext/HRMS核心源码。,unit + integration; workflow/API tasks require end-to-end test; ledger tasks require concurrency/reversal test,Not Started,Finance
COD-032,1-核心闭环,ione_hrp,财务预算成本,实现预算申报汇总审批,P0,COD-031,M,DocType/Service/API/Workspace/Fixtures/Tests/Docs as applicable,实现预算申报汇总审批完成；权限、审计、幂等和异常路径有自动化测试；不得修改Frappe/ERPNext/HRMS核心源码。,unit + integration; workflow/API tasks require end-to-end test; ledger tasks require concurrency/reversal test,Not Started,Finance
COD-033,1-核心闭环,ione_hrp,财务预算成本,实现预算不可变台账,P0,COD-032,M,DocType/Service/API/Workspace/Fixtures/Tests/Docs as applicable,实现预算不可变台账完成；权限、审计、幂等和异常路径有自动化测试；不得修改Frappe/ERPNext/HRMS核心源码。,unit + integration; workflow/API tasks require end-to-end test; ledger tasks require concurrency/reversal test,Not Started,Finance
COD-034,1-核心闭环,ione_hrp,财务预算成本,实现预算并发控制服务,P0,COD-033,L,DocType/Service/API/Workspace/Fixtures/Tests/Docs as applicable,实现预算并发控制服务完成；权限、审计、幂等和异常路径有自动化测试；不得修改Frappe/ERPNext/HRMS核心源码。,unit + integration; workflow/API tasks require end-to-end test; ledger tasks require concurrency/reversal test,Not Started,Finance
COD-035,1-核心闭环,ione_hrp,财务预算成本,实现预占释放承诺实际转换,P0,COD-034,M,DocType/Service/API/Workspace/Fixtures/Tests/Docs as applicable,实现预占释放承诺实际转换完成；权限、审计、幂等和异常路径有自动化测试；不得修改Frappe/ERPNext/HRMS核心源码。,unit + integration; workflow/API tasks require end-to-end test; ledger tasks require concurrency/reversal test,Not Started,Finance
COD-036,1-核心闭环,ione_hrp,财务预算成本,实现预算调整调剂,P0,COD-035,M,DocType/Service/API/Workspace/Fixtures/Tests/Docs as applicable,实现预算调整调剂完成；权限、审计、幂等和异常路径有自动化测试；不得修改Frappe/ERPNext/HRMS核心源码。,unit + integration; workflow/API tasks require end-to-end test; ledger tasks require concurrency/reversal test,Not Started,Finance
COD-037,1-核心闭环,ione_hrp,财务预算成本,实现费用政策和标准,P0,COD-036,M,DocType/Service/API/Workspace/Fixtures/Tests/Docs as applicable,实现费用政策和标准完成；权限、审计、幂等和异常路径有自动化测试；不得修改Frappe/ERPNext/HRMS核心源码。,unit + integration; workflow/API tasks require end-to-end test; ledger tasks require concurrency/reversal test,Not Started,Finance
COD-038,1-核心闭环,ione_hrp,财务预算成本,扩展Expense Claim与事前申请,P0,COD-037,L,DocType/Service/API/Workspace/Fixtures/Tests/Docs as applicable,扩展Expense Claim与事前申请完成；权限、审计、幂等和异常路径有自动化测试；不得修改Frappe/ERPNext/HRMS核心源码。,unit + integration; workflow/API tasks require end-to-end test; ledger tasks require concurrency/reversal test,Not Started,Finance
COD-039,1-核心闭环,ione_hrp,财务预算成本,实现发票验真查重适配,P0,COD-038,M,DocType/Service/API/Workspace/Fixtures/Tests/Docs as applicable,实现发票验真查重适配完成；权限、审计、幂等和异常路径有自动化测试；不得修改Frappe/ERPNext/HRMS核心源码。,unit + integration; workflow/API tasks require end-to-end test; ledger tasks require concurrency/reversal test,Not Started,Finance
COD-040,1-核心闭环,ione_hrp,财务预算成本,实现借款和个人往来,P0,COD-039,M,DocType/Service/API/Workspace/Fixtures/Tests/Docs as applicable,实现借款和个人往来完成；权限、审计、幂等和异常路径有自动化测试；不得修改Frappe/ERPNext/HRMS核心源码。,unit + integration; workflow/API tasks require end-to-end test; ledger tasks require concurrency/reversal test,Not Started,Finance
COD-041,1-核心闭环,ione_hrp,财务预算成本,实现付款申请与批次,P0,COD-040,M,DocType/Service/API/Workspace/Fixtures/Tests/Docs as applicable,实现付款申请与批次完成；权限、审计、幂等和异常路径有自动化测试；不得修改Frappe/ERPNext/HRMS核心源码。,unit + integration; workflow/API tasks require end-to-end test; ledger tasks require concurrency/reversal test,Not Started,Finance
COD-042,1-核心闭环,ione_hrp,财务预算成本,实现银行回执和资金对账,P0,COD-041,L,DocType/Service/API/Workspace/Fixtures/Tests/Docs as applicable,实现银行回执和资金对账完成；权限、审计、幂等和异常路径有自动化测试；不得修改Frappe/ERPNext/HRMS核心源码。,unit + integration; workflow/API tasks require end-to-end test; ledger tasks require concurrency/reversal test,Not Started,Finance
COD-043,1-核心闭环,ione_hrp,财务预算成本,实现会计规则和凭证生成,P0,COD-042,M,DocType/Service/API/Workspace/Fixtures/Tests/Docs as applicable,实现会计规则和凭证生成完成；权限、审计、幂等和异常路径有自动化测试；不得修改Frappe/ERPNext/HRMS核心源码。,unit + integration; workflow/API tasks require end-to-end test; ledger tasks require concurrency/reversal test,Not Started,Finance
COD-044,1-核心闭环,ione_hrp,财务预算成本,实现业财对账,P0,COD-043,M,DocType/Service/API/Workspace/Fixtures/Tests/Docs as applicable,实现业财对账完成；权限、审计、幂等和异常路径有自动化测试；不得修改Frappe/ERPNext/HRMS核心源码。,unit + integration; workflow/API tasks require end-to-end test; ledger tasks require concurrency/reversal test,Not Started,Finance
COD-045,1-核心闭环,ione_hrp,财务预算成本,实现成本核算引擎,P0,COD-044,M,DocType/Service/API/Workspace/Fixtures/Tests/Docs as applicable,实现成本核算引擎完成；权限、审计、幂等和异常路径有自动化测试；不得修改Frappe/ERPNext/HRMS核心源码。,unit + integration; workflow/API tasks require end-to-end test; ledger tasks require concurrency/reversal test,Not Started,Finance
COD-046,1-核心闭环,ione_hrp,财务预算成本,交付财务预算成本报表,P0,COD-045,L,DocType/Service/API/Workspace/Fixtures/Tests/Docs as applicable,交付财务预算成本报表完成；权限、审计、幂等和异常路径有自动化测试；不得修改Frappe/ERPNext/HRMS核心源码。,unit + integration; workflow/API tasks require end-to-end test; ledger tasks require concurrency/reversal test,Not Started,Finance
COD-047,1-核心闭环,ione_hrp,采购供应链合同,实现供应商注册门户,P1,COD-001,M,DocType/Service/API/Workspace/Fixtures/Tests/Docs as applicable,实现供应商注册门户完成；权限、审计、幂等和异常路径有自动化测试；不得修改Frappe/ERPNext/HRMS核心源码。,unit + integration; workflow/API tasks require end-to-end test; ledger tasks require concurrency/reversal test,Not Started,Supply
COD-048,1-核心闭环,ione_hrp,采购供应链合同,实现供应商准入和证照,P1,COD-047,M,DocType/Service/API/Workspace/Fixtures/Tests/Docs as applicable,实现供应商准入和证照完成；权限、审计、幂等和异常路径有自动化测试；不得修改Frappe/ERPNext/HRMS核心源码。,unit + integration; workflow/API tasks require end-to-end test; ledger tasks require concurrency/reversal test,Not Started,Supply
COD-049,1-核心闭环,ione_hrp,采购供应链合同,实现供应商风险评价,P1,COD-048,M,DocType/Service/API/Workspace/Fixtures/Tests/Docs as applicable,实现供应商风险评价完成；权限、审计、幂等和异常路径有自动化测试；不得修改Frappe/ERPNext/HRMS核心源码。,unit + integration; workflow/API tasks require end-to-end test; ledger tasks require concurrency/reversal test,Not Started,Supply
COD-050,1-核心闭环,ione_hrp,采购供应链合同,实现采购分类和寻源计划,P1,COD-049,L,DocType/Service/API/Workspace/Fixtures/Tests/Docs as applicable,实现采购分类和寻源计划完成；权限、审计、幂等和异常路径有自动化测试；不得修改Frappe/ERPNext/HRMS核心源码。,unit + integration; workflow/API tasks require end-to-end test; ledger tasks require concurrency/reversal test,Not Started,Supply
COD-051,1-核心闭环,ione_hrp,采购供应链合同,实现采购需求与预算预占,P1,COD-050,M,DocType/Service/API/Workspace/Fixtures/Tests/Docs as applicable,实现采购需求与预算预占完成；权限、审计、幂等和异常路径有自动化测试；不得修改Frappe/ERPNext/HRMS核心源码。,unit + integration; workflow/API tasks require end-to-end test; ledger tasks require concurrency/reversal test,Not Started,Supply
COD-052,1-核心闭环,ione_hrp,采购供应链合同,实现采购方式决策,P1,COD-051,M,DocType/Service/API/Workspace/Fixtures/Tests/Docs as applicable,实现采购方式决策完成；权限、审计、幂等和异常路径有自动化测试；不得修改Frappe/ERPNext/HRMS核心源码。,unit + integration; workflow/API tasks require end-to-end test; ledger tasks require concurrency/reversal test,Not Started,Supply
COD-053,1-核心闭环,ione_hrp,采购供应链合同,实现招标项目和标包,P1,COD-052,M,DocType/Service/API/Workspace/Fixtures/Tests/Docs as applicable,实现招标项目和标包完成；权限、审计、幂等和异常路径有自动化测试；不得修改Frappe/ERPNext/HRMS核心源码。,unit + integration; workflow/API tasks require end-to-end test; ledger tasks require concurrency/reversal test,Not Started,Supply
COD-054,1-核心闭环,ione_hrp,采购供应链合同,实现专家抽取回避,P1,COD-053,L,DocType/Service/API/Workspace/Fixtures/Tests/Docs as applicable,实现专家抽取回避完成；权限、审计、幂等和异常路径有自动化测试；不得修改Frappe/ERPNext/HRMS核心源码。,unit + integration; workflow/API tasks require end-to-end test; ledger tasks require concurrency/reversal test,Not Started,Supply
COD-055,1-核心闭环,ione_hrp,采购供应链合同,实现评标和定标,P1,COD-054,M,DocType/Service/API/Workspace/Fixtures/Tests/Docs as applicable,实现评标和定标完成；权限、审计、幂等和异常路径有自动化测试；不得修改Frappe/ERPNext/HRMS核心源码。,unit + integration; workflow/API tasks require end-to-end test; ledger tasks require concurrency/reversal test,Not Started,Supply
COD-056,1-核心闭环,ione_hrp,采购供应链合同,实现价格库和异常检测,P1,COD-055,M,DocType/Service/API/Workspace/Fixtures/Tests/Docs as applicable,实现价格库和异常检测完成；权限、审计、幂等和异常路径有自动化测试；不得修改Frappe/ERPNext/HRMS核心源码。,unit + integration; workflow/API tasks require end-to-end test; ledger tasks require concurrency/reversal test,Not Started,Supply
COD-057,1-核心闭环,ione_hrp,采购供应链合同,实现采购订单扩展,P1,COD-056,M,DocType/Service/API/Workspace/Fixtures/Tests/Docs as applicable,实现采购订单扩展完成；权限、审计、幂等和异常路径有自动化测试；不得修改Frappe/ERPNext/HRMS核心源码。,unit + integration; workflow/API tasks require end-to-end test; ledger tasks require concurrency/reversal test,Not Started,Supply
COD-058,1-核心闭环,ione_hrp,采购供应链合同,实现到货质量验收,P1,COD-057,L,DocType/Service/API/Workspace/Fixtures/Tests/Docs as applicable,实现到货质量验收完成；权限、审计、幂等和异常路径有自动化测试；不得修改Frappe/ERPNext/HRMS核心源码。,unit + integration; workflow/API tasks require end-to-end test; ledger tasks require concurrency/reversal test,Not Started,Supply
COD-059,1-核心闭环,ione_hrp,采购供应链合同,实现三单匹配,P1,COD-058,M,DocType/Service/API/Workspace/Fixtures/Tests/Docs as applicable,实现三单匹配完成；权限、审计、幂等和异常路径有自动化测试；不得修改Frappe/ERPNext/HRMS核心源码。,unit + integration; workflow/API tasks require end-to-end test; ledger tasks require concurrency/reversal test,Not Started,Supply
COD-060,1-核心闭环,ione_hrp,采购供应链合同,实现合同起草审批,P1,COD-059,M,DocType/Service/API/Workspace/Fixtures/Tests/Docs as applicable,实现合同起草审批完成；权限、审计、幂等和异常路径有自动化测试；不得修改Frappe/ERPNext/HRMS核心源码。,unit + integration; workflow/API tasks require end-to-end test; ledger tasks require concurrency/reversal test,Not Started,Supply
COD-061,1-核心闭环,ione_hrp,采购供应链合同,实现合同义务和付款计划,P1,COD-060,M,DocType/Service/API/Workspace/Fixtures/Tests/Docs as applicable,实现合同义务和付款计划完成；权限、审计、幂等和异常路径有自动化测试；不得修改Frappe/ERPNext/HRMS核心源码。,unit + integration; workflow/API tasks require end-to-end test; ledger tasks require concurrency/reversal test,Not Started,Supply
COD-062,1-核心闭环,ione_hrp,采购供应链合同,实现科室库存台账,P1,COD-061,L,DocType/Service/API/Workspace/Fixtures/Tests/Docs as applicable,实现科室库存台账完成；权限、审计、幂等和异常路径有自动化测试；不得修改Frappe/ERPNext/HRMS核心源码。,unit + integration; workflow/API tasks require end-to-end test; ledger tasks require concurrency/reversal test,Not Started,Supply
COD-063,1-核心闭环,ione_hrp,采购供应链合同,实现智能柜/UDI患者追溯,P1,COD-062,M,DocType/Service/API/Workspace/Fixtures/Tests/Docs as applicable,实现智能柜/UDI患者追溯完成；权限、审计、幂等和异常路径有自动化测试；不得修改Frappe/ERPNext/HRMS核心源码。,unit + integration; workflow/API tasks require end-to-end test; ledger tasks require concurrency/reversal test,Not Started,Supply
COD-064,1-核心闭环,ione_hrp,采购供应链合同,实现寄售结算和召回,P1,COD-063,M,DocType/Service/API/Workspace/Fixtures/Tests/Docs as applicable,实现寄售结算和召回完成；权限、审计、幂等和异常路径有自动化测试；不得修改Frappe/ERPNext/HRMS核心源码。,unit + integration; workflow/API tasks require end-to-end test; ledger tasks require concurrency/reversal test,Not Started,Supply
COD-065,2-精细运营,ione_hrp,资产设备后勤,实现资产购置论证,P1,COD-001,M,DocType/Service/API/Workspace/Fixtures/Tests/Docs as applicable,实现资产购置论证完成；权限、审计、幂等和异常路径有自动化测试；不得修改Frappe/ERPNext/HRMS核心源码。,unit + integration; workflow/API tasks require end-to-end test; ledger tasks require concurrency/reversal test,Not Started,Asset
COD-066,2-精细运营,ione_hrp,资产设备后勤,实现资产验收建卡,P1,COD-065,M,DocType/Service/API/Workspace/Fixtures/Tests/Docs as applicable,实现资产验收建卡完成；权限、审计、幂等和异常路径有自动化测试；不得修改Frappe/ERPNext/HRMS核心源码。,unit + integration; workflow/API tasks require end-to-end test; ledger tasks require concurrency/reversal test,Not Started,Asset
COD-067,2-精细运营,ione_hrp,资产设备后勤,实现资产保管调拨盘点处置,P1,COD-066,M,DocType/Service/API/Workspace/Fixtures/Tests/Docs as applicable,实现资产保管调拨盘点处置完成；权限、审计、幂等和异常路径有自动化测试；不得修改Frappe/ERPNext/HRMS核心源码。,unit + integration; workflow/API tasks require end-to-end test; ledger tasks require concurrency/reversal test,Not Started,Asset
COD-068,2-精细运营,ione_hrp,资产设备后勤,实现设备专业档案,P1,COD-067,L,DocType/Service/API/Workspace/Fixtures/Tests/Docs as applicable,实现设备专业档案完成；权限、审计、幂等和异常路径有自动化测试；不得修改Frappe/ERPNext/HRMS核心源码。,unit + integration; workflow/API tasks require end-to-end test; ledger tasks require concurrency/reversal test,Not Started,Asset
COD-069,2-精细运营,ione_hrp,资产设备后勤,实现预防性维护,P1,COD-068,M,DocType/Service/API/Workspace/Fixtures/Tests/Docs as applicable,实现预防性维护完成；权限、审计、幂等和异常路径有自动化测试；不得修改Frappe/ERPNext/HRMS核心源码。,unit + integration; workflow/API tasks require end-to-end test; ledger tasks require concurrency/reversal test,Not Started,Asset
COD-070,2-精细运营,ione_hrp,资产设备后勤,实现故障与维修工单,P1,COD-069,M,DocType/Service/API/Workspace/Fixtures/Tests/Docs as applicable,实现故障与维修工单完成；权限、审计、幂等和异常路径有自动化测试；不得修改Frappe/ERPNext/HRMS核心源码。,unit + integration; workflow/API tasks require end-to-end test; ledger tasks require concurrency/reversal test,Not Started,Asset
COD-071,2-精细运营,ione_hrp,资产设备后勤,实现计量与质控,P1,COD-070,M,DocType/Service/API/Workspace/Fixtures/Tests/Docs as applicable,实现计量与质控完成；权限、审计、幂等和异常路径有自动化测试；不得修改Frappe/ERPNext/HRMS核心源码。,unit + integration; workflow/API tasks require end-to-end test; ledger tasks require concurrency/reversal test,Not Started,Asset
COD-072,2-精细运营,ione_hrp,资产设备后勤,实现设备停机和效益,P1,COD-071,L,DocType/Service/API/Workspace/Fixtures/Tests/Docs as applicable,实现设备停机和效益完成；权限、审计、幂等和异常路径有自动化测试；不得修改Frappe/ERPNext/HRMS核心源码。,unit + integration; workflow/API tasks require end-to-end test; ledger tasks require concurrency/reversal test,Not Started,Asset
COD-073,2-精细运营,ione_hrp,资产设备后勤,实现后勤服务工单,P1,COD-072,M,DocType/Service/API/Workspace/Fixtures/Tests/Docs as applicable,实现后勤服务工单完成；权限、审计、幂等和异常路径有自动化测试；不得修改Frappe/ERPNext/HRMS核心源码。,unit + integration; workflow/API tasks require end-to-end test; ledger tasks require concurrency/reversal test,Not Started,Asset
COD-074,2-精细运营,ione_hrp,资产设备后勤,实现运营档案,P1,COD-073,M,DocType/Service/API/Workspace/Fixtures/Tests/Docs as applicable,实现运营档案完成；权限、审计、幂等和异常路径有自动化测试；不得修改Frappe/ERPNext/HRMS核心源码。,unit + integration; workflow/API tasks require end-to-end test; ledger tasks require concurrency/reversal test,Not Started,Asset
COD-075,2-精细运营,ione_hrp,人力资质绩效,实现专业资质档案,P1,COD-001,M,DocType/Service/API/Workspace/Fixtures/Tests/Docs as applicable,实现专业资质档案完成；权限、审计、幂等和异常路径有自动化测试；不得修改Frappe/ERPNext/HRMS核心源码。,unit + integration; workflow/API tasks require end-to-end test; ledger tasks require concurrency/reversal test,Not Started,People
COD-076,2-精细运营,ione_hrp,人力资质绩效,实现资质验证续期预警,P1,COD-075,M,DocType/Service/API/Workspace/Fixtures/Tests/Docs as applicable,实现资质验证续期预警完成；权限、审计、幂等和异常路径有自动化测试；不得修改Frappe/ERPNext/HRMS核心源码。,unit + integration; workflow/API tasks require end-to-end test; ledger tasks require concurrency/reversal test,Not Started,People
COD-077,2-精细运营,ione_hrp,人力资质绩效,实现执业范围和临床权限,P1,COD-076,M,DocType/Service/API/Workspace/Fixtures/Tests/Docs as applicable,实现执业范围和临床权限完成；权限、审计、幂等和异常路径有自动化测试；不得修改Frappe/ERPNext/HRMS核心源码。,unit + integration; workflow/API tasks require end-to-end test; ledger tasks require concurrency/reversal test,Not Started,People
COD-078,2-精细运营,ione_hrp,人力资质绩效,实现医疗排班计划,P1,COD-077,L,DocType/Service/API/Workspace/Fixtures/Tests/Docs as applicable,实现医疗排班计划完成；权限、审计、幂等和异常路径有自动化测试；不得修改Frappe/ERPNext/HRMS核心源码。,unit + integration; workflow/API tasks require end-to-end test; ledger tasks require concurrency/reversal test,Not Started,People
COD-079,2-精细运营,ione_hrp,人力资质绩效,实现调班和冲突校验,P1,COD-078,M,DocType/Service/API/Workspace/Fixtures/Tests/Docs as applicable,实现调班和冲突校验完成；权限、审计、幂等和异常路径有自动化测试；不得修改Frappe/ERPNext/HRMS核心源码。,unit + integration; workflow/API tasks require end-to-end test; ledger tasks require concurrency/reversal test,Not Started,People
COD-080,2-精细运营,ione_hrp,人力资质绩效,实现考勤源对账,P1,COD-079,M,DocType/Service/API/Workspace/Fixtures/Tests/Docs as applicable,实现考勤源对账完成；权限、审计、幂等和异常路径有自动化测试；不得修改Frappe/ERPNext/HRMS核心源码。,unit + integration; workflow/API tasks require end-to-end test; ledger tasks require concurrency/reversal test,Not Started,People
COD-081,2-精细运营,ione_hrp,人力资质绩效,实现人力计划和岗位预算,P1,COD-080,M,DocType/Service/API/Workspace/Fixtures/Tests/Docs as applicable,实现人力计划和岗位预算完成；权限、审计、幂等和异常路径有自动化测试；不得修改Frappe/ERPNext/HRMS核心源码。,unit + integration; workflow/API tasks require end-to-end test; ledger tasks require concurrency/reversal test,Not Started,People
COD-082,2-精细运营,ione_hrp,人力资质绩效,实现绩效指标采集,P1,COD-081,L,DocType/Service/API/Workspace/Fixtures/Tests/Docs as applicable,实现绩效指标采集完成；权限、审计、幂等和异常路径有自动化测试；不得修改Frappe/ERPNext/HRMS核心源码。,unit + integration; workflow/API tasks require end-to-end test; ledger tasks require concurrency/reversal test,Not Started,People
COD-083,2-精细运营,ione_hrp,人力资质绩效,实现绩效奖金计算追溯,P1,COD-082,M,DocType/Service/API/Workspace/Fixtures/Tests/Docs as applicable,实现绩效奖金计算追溯完成；权限、审计、幂等和异常路径有自动化测试；不得修改Frappe/ERPNext/HRMS核心源码。,unit + integration; workflow/API tasks require end-to-end test; ledger tasks require concurrency/reversal test,Not Started,People
COD-084,2-精细运营,ione_hrp,人力资质绩效,发布奖金到HRMS薪资,P1,COD-083,M,DocType/Service/API/Workspace/Fixtures/Tests/Docs as applicable,发布奖金到HRMS薪资完成；权限、审计、幂等和异常路径有自动化测试；不得修改Frappe/ERPNext/HRMS核心源码。,unit + integration; workflow/API tasks require end-to-end test; ledger tasks require concurrency/reversal test,Not Started,People
COD-085,2-精细运营,ione_hrp,项目科研教学,实现项目申报和评估,P1,COD-001,M,DocType/Service/API/Workspace/Fixtures/Tests/Docs as applicable,实现项目申报和评估完成；权限、审计、幂等和异常路径有自动化测试；不得修改Frappe/ERPNext/HRMS核心源码。,unit + integration; workflow/API tasks require end-to-end test; ledger tasks require concurrency/reversal test,Not Started,Project
COD-086,2-精细运营,ione_hrp,项目科研教学,实现项目章程和阶段门,P1,COD-085,M,DocType/Service/API/Workspace/Fixtures/Tests/Docs as applicable,实现项目章程和阶段门完成；权限、审计、幂等和异常路径有自动化测试；不得修改Frappe/ERPNext/HRMS核心源码。,unit + integration; workflow/API tasks require end-to-end test; ledger tasks require concurrency/reversal test,Not Started,Project
COD-087,2-精细运营,ione_hrp,项目科研教学,实现项目预算和资金,P1,COD-086,M,DocType/Service/API/Workspace/Fixtures/Tests/Docs as applicable,实现项目预算和资金完成；权限、审计、幂等和异常路径有自动化测试；不得修改Frappe/ERPNext/HRMS核心源码。,unit + integration; workflow/API tasks require end-to-end test; ledger tasks require concurrency/reversal test,Not Started,Project
COD-088,2-精细运营,ione_hrp,项目科研教学,实现科研项目成果,P1,COD-087,L,DocType/Service/API/Workspace/Fixtures/Tests/Docs as applicable,实现科研项目成果完成；权限、审计、幂等和异常路径有自动化测试；不得修改Frappe/ERPNext/HRMS核心源码。,unit + integration; workflow/API tasks require end-to-end test; ledger tasks require concurrency/reversal test,Not Started,Project
COD-089,2-精细运营,ione_hrp,项目科研教学,实现教学项目管理,P1,COD-088,M,DocType/Service/API/Workspace/Fixtures/Tests/Docs as applicable,实现教学项目管理完成；权限、审计、幂等和异常路径有自动化测试；不得修改Frappe/ERPNext/HRMS核心源码。,unit + integration; workflow/API tasks require end-to-end test; ledger tasks require concurrency/reversal test,Not Started,Project
COD-090,2-精细运营,ione_hrp,项目科研教学,实现基建进度工程变更,P1,COD-089,M,DocType/Service/API/Workspace/Fixtures/Tests/Docs as applicable,实现基建进度工程变更完成；权限、审计、幂等和异常路径有自动化测试；不得修改Frappe/ERPNext/HRMS核心源码。,unit + integration; workflow/API tasks require end-to-end test; ledger tasks require concurrency/reversal test,Not Started,Project
COD-091,2-精细运营,ione_hrp,项目科研教学,实现信息化项目发布效益,P1,COD-090,M,DocType/Service/API/Workspace/Fixtures/Tests/Docs as applicable,实现信息化项目发布效益完成；权限、审计、幂等和异常路径有自动化测试；不得修改Frappe/ERPNext/HRMS核心源码。,unit + integration; workflow/API tasks require end-to-end test; ledger tasks require concurrency/reversal test,Not Started,Project
COD-092,2-精细运营,ione_hrp,项目科研教学,实现项目验收结题归档,P1,COD-091,L,DocType/Service/API/Workspace/Fixtures/Tests/Docs as applicable,实现项目验收结题归档完成；权限、审计、幂等和异常路径有自动化测试；不得修改Frappe/ERPNext/HRMS核心源码。,unit + integration; workflow/API tasks require end-to-end test; ledger tasks require concurrency/reversal test,Not Started,Project
COD-093,2-精细运营,ione_hrp,内控审计风险,实现内控目标和控制矩阵,P2,COD-001,M,DocType/Service/API/Workspace/Fixtures/Tests/Docs as applicable,实现内控目标和控制矩阵完成；权限、审计、幂等和异常路径有自动化测试；不得修改Frappe/ERPNext/HRMS核心源码。,unit + integration; workflow/API tasks require end-to-end test; ledger tasks require concurrency/reversal test,Not Started,Governance
COD-094,2-精细运营,ione_hrp,内控审计风险,实现控制测试和证据,P2,COD-093,M,DocType/Service/API/Workspace/Fixtures/Tests/Docs as applicable,实现控制测试和证据完成；权限、审计、幂等和异常路径有自动化测试；不得修改Frappe/ERPNext/HRMS核心源码。,unit + integration; workflow/API tasks require end-to-end test; ledger tasks require concurrency/reversal test,Not Started,Governance
COD-095,2-精细运营,ione_hrp,内控审计风险,实现缺陷和例外审批,P2,COD-094,M,DocType/Service/API/Workspace/Fixtures/Tests/Docs as applicable,实现缺陷和例外审批完成；权限、审计、幂等和异常路径有自动化测试；不得修改Frappe/ERPNext/HRMS核心源码。,unit + integration; workflow/API tasks require end-to-end test; ledger tasks require concurrency/reversal test,Not Started,Governance
COD-096,2-精细运营,ione_hrp,内控审计风险,实现风险登记评估,P2,COD-095,L,DocType/Service/API/Workspace/Fixtures/Tests/Docs as applicable,实现风险登记评估完成；权限、审计、幂等和异常路径有自动化测试；不得修改Frappe/ERPNext/HRMS核心源码。,unit + integration; workflow/API tasks require end-to-end test; ledger tasks require concurrency/reversal test,Not Started,Governance
COD-097,2-精细运营,ione_hrp,内控审计风险,实现审计计划项目,P2,COD-096,M,DocType/Service/API/Workspace/Fixtures/Tests/Docs as applicable,实现审计计划项目完成；权限、审计、幂等和异常路径有自动化测试；不得修改Frappe/ERPNext/HRMS核心源码。,unit + integration; workflow/API tasks require end-to-end test; ledger tasks require concurrency/reversal test,Not Started,Governance
COD-098,2-精细运营,ione_hrp,内控审计风险,实现审计抽样底稿发现,P2,COD-097,M,DocType/Service/API/Workspace/Fixtures/Tests/Docs as applicable,实现审计抽样底稿发现完成；权限、审计、幂等和异常路径有自动化测试；不得修改Frappe/ERPNext/HRMS核心源码。,unit + integration; workflow/API tasks require end-to-end test; ledger tasks require concurrency/reversal test,Not Started,Governance
COD-099,2-精细运营,ione_hrp,内控审计风险,实现整改验证闭环,P2,COD-098,M,DocType/Service/API/Workspace/Fixtures/Tests/Docs as applicable,实现整改验证闭环完成；权限、审计、幂等和异常路径有自动化测试；不得修改Frappe/ERPNext/HRMS核心源码。,unit + integration; workflow/API tasks require end-to-end test; ledger tasks require concurrency/reversal test,Not Started,Governance
COD-100,2-精细运营,ione_hrp,内控审计风险,实现制度合规和监管变化,P2,COD-099,L,DocType/Service/API/Workspace/Fixtures/Tests/Docs as applicable,实现制度合规和监管变化完成；权限、审计、幂等和异常路径有自动化测试；不得修改Frappe/ERPNext/HRMS核心源码。,unit + integration; workflow/API tasks require end-to-end test; ledger tasks require concurrency/reversal test,Not Started,Governance
COD-101,2-精细运营,ione_hrp,集成数据智能平台,实现外部系统和接口定义,P2,COD-001,M,DocType/Service/API/Workspace/Fixtures/Tests/Docs as applicable,实现外部系统和接口定义完成；权限、审计、幂等和异常路径有自动化测试；不得修改Frappe/ERPNext/HRMS核心源码。,unit + integration; workflow/API tasks require end-to-end test; ledger tasks require concurrency/reversal test,Not Started,Platform
COD-102,2-精细运营,ione_hrp,集成数据智能平台,实现入站Inbox幂等,P2,COD-101,M,DocType/Service/API/Workspace/Fixtures/Tests/Docs as applicable,实现入站Inbox幂等完成；权限、审计、幂等和异常路径有自动化测试；不得修改Frappe/ERPNext/HRMS核心源码。,unit + integration; workflow/API tasks require end-to-end test; ledger tasks require concurrency/reversal test,Not Started,Platform
COD-103,2-精细运营,ione_hrp,集成数据智能平台,实现出站Outbox投递,P2,COD-102,M,DocType/Service/API/Workspace/Fixtures/Tests/Docs as applicable,实现出站Outbox投递完成；权限、审计、幂等和异常路径有自动化测试；不得修改Frappe/ERPNext/HRMS核心源码。,unit + integration; workflow/API tasks require end-to-end test; ledger tasks require concurrency/reversal test,Not Started,Platform
COD-104,2-精细运营,ione_hrp,集成数据智能平台,实现重试死信和SLA,P2,COD-103,L,DocType/Service/API/Workspace/Fixtures/Tests/Docs as applicable,实现重试死信和SLA完成；权限、审计、幂等和异常路径有自动化测试；不得修改Frappe/ERPNext/HRMS核心源码。,unit + integration; workflow/API tasks require end-to-end test; ledger tasks require concurrency/reversal test,Not Started,Platform
COD-105,2-精细运营,ione_hrp,集成数据智能平台,实现对账任务和差异闭环,P2,COD-104,M,DocType/Service/API/Workspace/Fixtures/Tests/Docs as applicable,实现对账任务和差异闭环完成；权限、审计、幂等和异常路径有自动化测试；不得修改Frappe/ERPNext/HRMS核心源码。,unit + integration; workflow/API tasks require end-to-end test; ledger tasks require concurrency/reversal test,Not Started,Platform
COD-106,2-精细运营,ione_hrp,集成数据智能平台,实现数据源数据集管道,P2,COD-105,M,DocType/Service/API/Workspace/Fixtures/Tests/Docs as applicable,实现数据源数据集管道完成；权限、审计、幂等和异常路径有自动化测试；不得修改Frappe/ERPNext/HRMS核心源码。,unit + integration; workflow/API tasks require end-to-end test; ledger tasks require concurrency/reversal test,Not Started,Platform
COD-107,2-精细运营,ione_hrp,集成数据智能平台,实现指标定义和快照,P2,COD-106,M,DocType/Service/API/Workspace/Fixtures/Tests/Docs as applicable,实现指标定义和快照完成；权限、审计、幂等和异常路径有自动化测试；不得修改Frappe/ERPNext/HRMS核心源码。,unit + integration; workflow/API tasks require end-to-end test; ledger tasks require concurrency/reversal test,Not Started,Platform
COD-108,2-精细运营,ione_hrp,集成数据智能平台,集成Frappe Insights,P2,COD-107,L,DocType/Service/API/Workspace/Fixtures/Tests/Docs as applicable,集成Frappe Insights完成；权限、审计、幂等和异常路径有自动化测试；不得修改Frappe/ERPNext/HRMS核心源码。,unit + integration; workflow/API tasks require end-to-end test; ledger tasks require concurrency/reversal test,Not Started,Platform
COD-109,2-精细运营,ione_hrp,集成数据智能平台,实现RAG知识索引,P2,COD-108,M,DocType/Service/API/Workspace/Fixtures/Tests/Docs as applicable,实现RAG知识索引完成；权限、审计、幂等和异常路径有自动化测试；不得修改Frappe/ERPNext/HRMS核心源码。,unit + integration; workflow/API tasks require end-to-end test; ledger tasks require concurrency/reversal test,Not Started,Platform
COD-110,2-精细运营,ione_hrp,集成数据智能平台,实现受控Agent和AI审计,P2,COD-109,M,DocType/Service/API/Workspace/Fixtures/Tests/Docs as applicable,实现受控Agent和AI审计完成；权限、审计、幂等和异常路径有自动化测试；不得修改Frappe/ERPNext/HRMS核心源码。,unit + integration; workflow/API tasks require end-to-end test; ledger tasks require concurrency/reversal test,Not Started,Platform
COD-111,2-精细运营,ione_hrp,统一门户,实现统一门户壳和SSO,P2,COD-001,M,DocType/Service/API/Workspace/Fixtures/Tests/Docs as applicable,实现统一门户壳和SSO完成；权限、审计、幂等和异常路径有自动化测试；不得修改Frappe/ERPNext/HRMS核心源码。,unit + integration; workflow/API tasks require end-to-end test; ledger tasks require concurrency/reversal test,Not Started,Portal
COD-112,2-精细运营,ione_hrp,统一门户,实现角色化首页卡片,P2,COD-111,M,DocType/Service/API/Workspace/Fixtures/Tests/Docs as applicable,实现角色化首页卡片完成；权限、审计、幂等和异常路径有自动化测试；不得修改Frappe/ERPNext/HRMS核心源码。,unit + integration; workflow/API tasks require end-to-end test; ledger tasks require concurrency/reversal test,Not Started,Portal
COD-113,2-精细运营,ione_hrp,统一门户,实现员工移动申请,P2,COD-112,M,DocType/Service/API/Workspace/Fixtures/Tests/Docs as applicable,实现员工移动申请完成；权限、审计、幂等和异常路径有自动化测试；不得修改Frappe/ERPNext/HRMS核心源码。,unit + integration; workflow/API tasks require end-to-end test; ledger tasks require concurrency/reversal test,Not Started,Portal
COD-114,2-精细运营,ione_hrp,统一门户,实现管理者待办中心,P2,COD-113,L,DocType/Service/API/Workspace/Fixtures/Tests/Docs as applicable,实现管理者待办中心完成；权限、审计、幂等和异常路径有自动化测试；不得修改Frappe/ERPNext/HRMS核心源码。,unit + integration; workflow/API tasks require end-to-end test; ledger tasks require concurrency/reversal test,Not Started,Portal
COD-115,2-精细运营,ione_hrp,统一门户,实现供应商门户,P2,COD-114,M,DocType/Service/API/Workspace/Fixtures/Tests/Docs as applicable,实现供应商门户完成；权限、审计、幂等和异常路径有自动化测试；不得修改Frappe/ERPNext/HRMS核心源码。,unit + integration; workflow/API tasks require end-to-end test; ledger tasks require concurrency/reversal test,Not Started,Portal
COD-116,2-精细运营,ione_hrp,统一门户,实现服务表单和满意度,P2,COD-115,M,DocType/Service/API/Workspace/Fixtures/Tests/Docs as applicable,实现服务表单和满意度完成；权限、审计、幂等和异常路径有自动化测试；不得修改Frappe/ERPNext/HRMS核心源码。,unit + integration; workflow/API tasks require end-to-end test; ledger tasks require concurrency/reversal test,Not Started,Portal
