app,module,doctype,label_cn,kind,is_submittable,is_child,is_single,autoname,title_field,track_changes,allow_rename,retention_years,data_classification,primary_roles,description,key_indexes,standard_references,domain_group
ione_hrp,HRP Foundation,HRP System Settings,HRP系统设置,Single,0,0,1,,,1,0,10,内部,System Manager;HRP System Manager,HRP全局安全与集成默认值；固定策略只能随受控代码发布变更。,,,Core
ione_hrp,HRP Foundation,HRP Feature Flag,HRP特性开关,Transaction,1,0,0,format:CORE-.YYYY.-.#####,subject,1,0,10,内部,HRP System Manager;HRP Data Steward,基础设置领域的HRP特性开关对象；用于支撑业务闭环、权限、审计与对账。,company;organization_unit;status;posting_date,,Core
ione_hrp,HRP Foundation,HRP Numbering Scheme,HRP编号方案,Master,0,0,0,field:code,display_name,1,1,10,内部,HRP System Manager;HRP Data Steward,基础设置领域的HRP编号方案对象；用于支撑业务闭环、权限、审计与对账。,company;organization_unit,,Core
ione_hrp,HRP Foundation,HRP Code Segment,HRP编码段,Transaction,1,0,0,format:CORE-.YYYY.-.#####,subject,1,0,10,内部,HRP System Manager;HRP Data Steward,基础设置领域的HRP编码段对象；用于支撑业务闭环、权限、审计与对账。,company;organization_unit;status;posting_date,,Core
ione_hrp,HRP Foundation,HRP Business Calendar,HRP业务日历,Master,0,0,0,field:code,display_name,1,1,10,内部,HRP System Manager;HRP Data Steward,基础设置领域的HRP业务日历对象；用于支撑业务闭环、权限、审计与对账。,company;organization_unit,,Core
ione_hrp,HRP Foundation,HRP Holiday Policy,HRP节假日策略,Master,0,0,0,format:CORE-.#####,display_name,1,1,10,内部,HRP System Manager;HRP Data Steward,基础设置领域的HRP节假日策略对象；用于支撑业务闭环、权限、审计与对账。,company;organization_unit,,Core
ione_hrp,HRP Foundation,HRP Currency Policy,HRP币种策略,Master,0,0,0,format:CORE-.#####,display_name,1,1,10,内部,HRP System Manager;HRP Data Steward,基础设置领域的HRP币种策略对象；用于支撑业务闭环、权限、审计与对账。,company;organization_unit,,Core
ione_hrp,HRP Foundation,HRP Amount Threshold,HRP金额阈值,Transaction,1,0,0,format:CORE-.YYYY.-.#####,subject,1,0,10,内部,HRP System Manager;HRP Data Steward,基础设置领域的HRP金额阈值对象；用于支撑业务闭环、权限、审计与对账。,company;organization_unit;status;posting_date,,Core
ione_hrp,HRP Foundation,HRP Data Classification,HRP数据分类分级,Master,0,0,0,field:code,display_name,1,1,10,内部,HRP System Manager;HRP Data Steward,基础设置领域的HRP数据分类分级对象；用于支撑业务闭环、权限、审计与对账。,company;organization_unit,,Core
ione_hrp,HRP Foundation,HRP Retention Policy,HRP保留策略,Master,0,0,0,format:CORE-.#####,display_name,1,1,10,内部,HRP System Manager;HRP Data Steward,基础设置领域的HRP保留策略对象；用于支撑业务闭环、权限、审计与对账。,company;organization_unit,,Core
ione_hrp,HRP Foundation,HRP Reference Link,HRP关联链接,Transaction,0,0,0,format:CORE-.YYYY.-.#####,subject,1,0,10,内部,HRP System Manager;HRP Data Steward,基础设置领域的HRP关联链接对象；用于支撑业务闭环、权限、审计与对账。,company;organization_unit;status;posting_date,,Core
ione_hrp,HRP Foundation,HRP Attachment Category,HRP附件类别,Master,0,0,0,field:code,display_name,1,1,10,内部,HRP System Manager;HRP Data Steward,基础设置领域的HRP附件类别对象；用于支撑业务闭环、权限、审计与对账。,company;organization_unit,,Core
ione_hrp,HRP Organization,HRP Medical Group,HRP医疗集团,Master,0,0,0,field:code,display_name,1,1,10,内部,HRP System Manager;HRP Data Steward,组织领域的HRP医疗集团对象；用于支撑业务闭环、权限、审计与对账。,company;organization_unit,,Core
ione_hrp,HRP Organization,HRP Legal Entity,HRP法人主体,Master,0,0,0,field:code,display_name,1,1,10,内部,HRP System Manager;HRP Data Steward,组织领域的HRP法人主体对象；用于支撑业务闭环、权限、审计与对账。,company;organization_unit,,Core
ione_hrp,HRP Organization,HRP Hospital,HRP医院,Master,0,0,0,field:code,display_name,1,0,10,内部,System Manager;HRP System Manager;HRP Data Steward,医院主数据，作为组织版本和组织层级的稳定边界。,company;enabled,Company,Core
ione_hrp,HRP Organization,HRP Campus,HRP院区,Master,0,0,0,field:code,display_name,1,1,10,内部,HRP System Manager;HRP Data Steward,组织领域的HRP院区对象；用于支撑业务闭环、权限、审计与对账。,company;organization_unit,,Core
ione_hrp,HRP Organization,HRP Organization Unit,HRP组织单元,Master,0,0,0,hash,display_name,1,0,10,内部,System Manager;HRP System Manager;HRP Data Steward,组织版本内的树节点；只允许通过组织层级服务整体维护。,organization_version;company;hospital;parent_organization_unit;unit_type,Company,Core
ione_hrp,HRP Organization,HRP Organization Mapping,HRP组织标准映射,Master,0,0,0,field:organization_unit,unit_code,1,0,10,内部,System Manager;HRP System Manager;HRP Data Steward;HRP Integration User,组织版本内的组织单元到ERPNext标准Department与Cost Center映射；只允许通过领域服务维护。,organization_version;organization_unit;company;hospital;department;cost_center,Company;Department;Cost Center,Core
ione_hrp,HRP Organization,HRP Clinical Department,HRP临床科室,Transaction,1,0,0,format:CORE-.YYYY.-.#####,subject,1,0,10,内部,HRP System Manager;HRP Data Steward,组织领域的HRP临床科室对象；用于支撑业务闭环、权限、审计与对账。,company;organization_unit;status;posting_date,Department,Core
ione_hrp,HRP Organization,HRP Nursing Unit,HRP护理单元,Master,0,0,0,field:code,display_name,1,1,10,内部,HRP System Manager;HRP Data Steward,组织领域的HRP护理单元对象；用于支撑业务闭环、权限、审计与对账。,company;organization_unit,,Core
ione_hrp,HRP Organization,HRP Ward,HRP病区,Transaction,1,0,0,format:CORE-.YYYY.-.#####,subject,1,0,10,内部,HRP System Manager;HRP Data Steward,组织领域的HRP病区对象；用于支撑业务闭环、权限、审计与对账。,company;organization_unit;status;posting_date,,Core
ione_hrp,HRP Organization,HRP Cost Responsibility Center,HRP成本责任中心,Master,0,0,0,field:code,display_name,1,1,10,内部,HRP System Manager;HRP Data Steward,组织领域的HRP成本责任中心对象；用于支撑业务闭环、权限、审计与对账。,company;organization_unit,,Core
ione_hrp,HRP Organization,HRP Position,HRP岗位,Master,0,0,0,field:code,display_name,1,1,10,内部,HRP System Manager;HRP Data Steward,组织领域的HRP岗位对象；用于支撑业务闭环、权限、审计与对账。,company;organization_unit,,Core
ione_hrp,HRP Organization,HRP Position Assignment,HRP岗位分配,Master,0,0,0,field:code,display_name,1,1,10,内部,HRP System Manager;HRP Data Steward,组织领域的HRP岗位分配对象；用于支撑业务闭环、权限、审计与对账。,company;organization_unit,,Core
ione_hrp,HRP Organization,HRP Organization Version,HRP组织版本,Transaction,1,0,0,Prompt,version_label,1,0,10,内部,System Manager;HRP System Manager;HRP Data Steward,医院组织层级的生效日期版本；发布后不可修改或取消。,hospital;company;effective_from;status,Company,Core
ione_hrp,HRP Master Data,HRP Master Data Domain,HRP主数据域,Master,0,0,0,field:code,display_name,1,0,10,内部,System Manager;HRP System Manager;HRP Data Steward,标准主数据类型的受控领域定义；只允许通过主数据服务维护。,code;target_doctype;enabled,DocType,Core
ione_hrp,HRP Master Data,HRP Master Data Request,HRP主数据变更申请,Transaction,1,0,0,format:MDR-.YYYY.-.#####,subject,1,0,10,内部,System Manager;HRP System Manager;HRP Data Steward;HRP User,绑定组织范围、目标基线和字段提案的受控主数据变更申请。,master_data_domain;target_name;request_status;company;hospital,Company;DocType,Core
ione_hrp,HRP Master Data,HRP Master Data Change Item,HRP主数据变更明细,Child,0,1,0,,,0,0,10,内部,System Manager;HRP System Manager;HRP Data Steward;HRP User,主数据变更申请中的字段级当前值、建议值和原因快照。,field_name,,Core
ione_hrp,HRP Master Data,HRP External Code Mapping,HRP外部编码映射,Master,0,0,0,hash,external_code,1,0,10,内部,System Manager;HRP System Manager;HRP Data Steward;HRP Integration User,外部系统编码与受控标准主数据之间的双向映射；只允许通过领域服务维护。,source_key;target_key;enabled;valid_from;valid_to,Company;DocType,Core
ione_hrp,HRP Master Data,HRP Data Steward,HRP数据责任人,Transaction,1,0,0,format:CORE-.YYYY.-.#####,subject,1,0,10,内部,HRP System Manager;HRP Data Steward,主数据领域的HRP数据责任人对象；用于支撑业务闭环、权限、审计与对账。,company;organization_unit;status;posting_date,,Core
ione_hrp,HRP Master Data,HRP Data Quality Rule,HRP数据质量规则,Master,0,0,0,field:code,display_name,1,0,10,内部,System Manager;HRP System Manager;HRP Data Steward,面向受控标准主数据的声明式质量规则；只允许通过领域服务维护。,master_data_domain;target_doctype;company;hospital;organization_unit;enabled;valid_from;valid_to,Company;DocType;HRP Hospital;HRP Master Data Domain;HRP Organization Unit,Core
ione_hrp,HRP Master Data,HRP Data Quality Issue,HRP数据质量问题,Transaction,0,0,0,hash,target_name,1,0,10,内部,System Manager;HRP System Manager;HRP Data Steward,质量规则评估自动生成的问题台账；仅保存脱敏摘要并由领域服务自动解决或重新打开。,quality_rule;issue_key;issue_status;severity;company;hospital;organization_unit;last_evaluated_at,Company;DocType;HRP Data Quality Rule;HRP Hospital;HRP Master Data Domain;HRP Organization Unit,Core
ione_hrp,HRP Master Data,HRP Dictionary Value,HRP字典值,Transaction,1,0,0,format:CORE-.YYYY.-.#####,subject,1,0,10,内部,HRP System Manager;HRP Data Steward,主数据领域的HRP字典值对象；用于支撑业务闭环、权限、审计与对账。,company;organization_unit;status;posting_date,,Core
ione_hrp,HRP Master Data,HRP Funding Source,HRP资金来源,Master,0,0,0,field:code,display_name,1,1,10,内部,HRP System Manager;HRP Data Steward,主数据领域的HRP资金来源对象；用于支撑业务闭环、权限、审计与对账。,company;organization_unit,,Core
ione_hrp,HRP Master Data,HRP Expense Category,HRP费用类别,Master,0,0,0,field:code,display_name,1,1,10,内部,HRP System Manager;HRP Data Steward,主数据领域的HRP费用类别对象；用于支撑业务闭环、权限、审计与对账。,company;organization_unit,,Core
ione_hrp,HRP Master Data,HRP Business Dimension,HRP业务维度,Transaction,1,0,0,format:CORE-.YYYY.-.#####,subject,1,0,10,内部,HRP System Manager;HRP Data Steward,主数据领域的HRP业务维度对象；用于支撑业务闭环、权限、审计与对账。,company;organization_unit;status;posting_date,,Core
ione_hrp,HRP Master Data,HRP Dimension Value,HRP维度值,Transaction,1,0,0,format:CORE-.YYYY.-.#####,subject,1,0,10,内部,HRP System Manager;HRP Data Steward,主数据领域的HRP维度值对象；用于支撑业务闭环、权限、审计与对账。,company;organization_unit;status;posting_date,,Core
ione_hrp,HRP Workflow Authorization,HRP Approval Matrix,HRP审批矩阵,Master,0,0,0,format:CORE-.#####,display_name,1,1,10,内部,HRP System Manager;HRP Data Steward,流程与授权领域的HRP审批矩阵对象；用于支撑业务闭环、权限、审计与对账。,company;organization_unit,,Core
ione_hrp,HRP Workflow Authorization,HRP Approval Matrix Row,HRP审批矩阵行,Child,0,1,0,,,0,0,10,内部,HRP System Manager;HRP Data Steward,流程与授权领域的HRP审批矩阵行对象；用于支撑业务闭环、权限、审计与对账。,company;organization_unit,,Core
ione_hrp,HRP Workflow Authorization,HRP Delegation,HRP委托,Transaction,1,0,0,format:CORE-.YYYY.-.#####,subject,1,0,10,内部,HRP System Manager;HRP Data Steward,流程与授权领域的HRP委托对象；用于支撑业务闭环、权限、审计与对账。,company;organization_unit;status;posting_date,,Core
ione_hrp,HRP Workflow Authorization,HRP Signing Authority,HRP签署权限,Master,0,0,0,field:code,display_name,1,1,10,内部,HRP System Manager;HRP Data Steward,流程与授权领域的HRP签署权限对象；用于支撑业务闭环、权限、审计与对账。,company;organization_unit,,Core
ione_hrp,HRP Workflow Authorization,HRP Segregation Rule,HRP不相容职责规则,Master,0,0,0,field:code,display_name,1,1,10,内部,HRP System Manager;HRP Data Steward,流程与授权领域的HRP不相容职责规则对象；用于支撑业务闭环、权限、审计与对账。,company;organization_unit,,Core
ione_hrp,HRP Workflow Authorization,HRP Access Scope,HRP访问范围,Master,0,0,0,field:code,display_name,1,1,10,内部,HRP System Manager;HRP Data Steward,流程与授权领域的HRP访问范围对象；用于支撑业务闭环、权限、审计与对账。,company;organization_unit,,Core
ione_hrp,HRP Workflow Authorization,HRP Access Scope Member,HRP访问范围成员,Child,0,1,0,,,0,0,10,内部,HRP System Manager;HRP Data Steward,流程与授权领域的HRP访问范围成员对象；用于支撑业务闭环、权限、审计与对账。,company;organization_unit,,Core
ione_hrp,HRP Workflow Authorization,HRP Workflow Extension,HRP工作流扩展,Transaction,0,0,0,format:CORE-.YYYY.-.#####,subject,1,0,10,内部,HRP System Manager;HRP Data Steward,流程与授权领域的HRP工作流扩展对象；用于支撑业务闭环、权限、审计与对账。,company;organization_unit;status;posting_date,,Core
ione_hrp,HRP Workflow Authorization,HRP SLA Policy,HRP服务等级策略,Master,0,0,0,format:CORE-.#####,display_name,1,1,10,内部,HRP System Manager;HRP Data Steward,流程与授权领域的HRP服务等级策略对象；用于支撑业务闭环、权限、审计与对账。,company;organization_unit,,Core
ione_hrp,HRP Workflow Authorization,HRP SLA Escalation,HRP服务等级升级,Transaction,1,0,0,format:CORE-.YYYY.-.#####,subject,1,0,10,内部,HRP System Manager;HRP Data Steward,流程与授权领域的HRP服务等级升级对象；用于支撑业务闭环、权限、审计与对账。,company;organization_unit;status;posting_date,,Core
ione_hrp,HRP Workflow Authorization,HRP Business Rule,HRP业务规则,Master,0,0,0,field:code,display_name,1,1,10,内部,HRP System Manager;HRP Data Steward,流程与授权领域的HRP业务规则对象；用于支撑业务闭环、权限、审计与对账。,company;organization_unit,,Core
ione_hrp,HRP Workflow Authorization,HRP Rule Execution Log,HRP规则执行日志,Log,0,0,0,format:CORE-.YYYY.-.#####,subject,0,0,10,内部,HRP System Manager;HRP Data Steward,流程与授权领域的HRP规则执行日志对象；用于支撑业务闭环、权限、审计与对账。,company;organization_unit;status;posting_date,,Core
ione_hrp,HRP Budget,HRP Budget Scenario,HRP预算场景,Transaction,1,0,0,format:FIN-.YYYY.-.#####,subject,1,0,10,内部,HRP Finance User;HRP Budget Manager,全面预算领域的HRP预算场景对象；用于支撑业务闭环、权限、审计与对账。,company;organization_unit;status;posting_date,,Finance
ione_hrp,HRP Budget,HRP Budget Version,HRP预算版本,Transaction,1,0,0,format:FIN-.YYYY.-.#####,subject,1,0,10,内部,HRP Finance User;HRP Budget Manager,全面预算领域的HRP预算版本对象；用于支撑业务闭环、权限、审计与对账。,company;organization_unit;status;posting_date,,Finance
ione_hrp,HRP Budget,HRP Budget Plan,HRP预算计划,Transaction,1,0,0,format:FIN-.YYYY.-.#####,subject,1,0,10,内部,HRP Finance User;HRP Budget Manager,全面预算领域的HRP预算计划对象；用于支撑业务闭环、权限、审计与对账。,company;organization_unit;status;posting_date,,Finance
ione_hrp,HRP Budget,HRP Budget Plan Line,HRP预算计划明细,Child,0,1,0,,,0,0,10,内部,HRP Finance User;HRP Budget Manager,全面预算领域的HRP预算计划明细对象；用于支撑业务闭环、权限、审计与对账。,company;organization_unit,,Finance
ione_hrp,HRP Budget,HRP Budget Target,HRP预算目标,Transaction,1,0,0,format:FIN-.YYYY.-.#####,subject,1,0,10,内部,HRP Finance User;HRP Budget Manager,全面预算领域的HRP预算目标对象；用于支撑业务闭环、权限、审计与对账。,company;organization_unit;status;posting_date,,Finance
ione_hrp,HRP Budget,HRP Budget Submission,HRP预算提交,Transaction,1,0,0,format:FIN-.YYYY.-.#####,subject,1,0,10,内部,HRP Finance User;HRP Budget Manager,全面预算领域的HRP预算提交对象；用于支撑业务闭环、权限、审计与对账。,company;organization_unit;status;posting_date,,Finance
ione_hrp,HRP Budget,HRP Budget Submission Line,HRP预算提交明细,Child,0,1,0,,,0,0,10,内部,HRP Finance User;HRP Budget Manager,全面预算领域的HRP预算提交明细对象；用于支撑业务闭环、权限、审计与对账。,company;organization_unit,,Finance
ione_hrp,HRP Budget,HRP Budget Review,HRP预算评审,Transaction,0,0,0,format:FIN-.YYYY.-.#####,subject,1,0,10,内部,HRP Finance User;HRP Budget Manager,全面预算领域的HRP预算评审对象；用于支撑业务闭环、权限、审计与对账。,company;organization_unit;status;posting_date,,Finance
ione_hrp,HRP Budget,HRP Budget Approval,HRP预算审批,Transaction,1,0,0,format:FIN-.YYYY.-.#####,subject,1,0,10,内部,HRP Finance User;HRP Budget Manager,全面预算领域的HRP预算审批对象；用于支撑业务闭环、权限、审计与对账。,company;organization_unit;status;posting_date,,Finance
ione_hrp,HRP Budget,HRP Budget Release,HRP预算发布,Transaction,1,0,0,format:FIN-.YYYY.-.#####,subject,1,0,10,内部,HRP Finance User;HRP Budget Manager,全面预算领域的HRP预算发布对象；用于支撑业务闭环、权限、审计与对账。,company;organization_unit;status;posting_date,,Finance
ione_hrp,HRP Budget,HRP Budget Control Policy,HRP预算控制策略,Master,0,0,0,format:FIN-.#####,display_name,1,1,10,内部,HRP Finance User;HRP Budget Manager,全面预算领域的HRP预算控制策略对象；用于支撑业务闭环、权限、审计与对账。,company;organization_unit,,Finance
ione_hrp,HRP Budget,HRP Budget Control Rule,HRP预算控制规则,Master,0,0,0,field:code,display_name,1,1,10,内部,HRP Finance User;HRP Budget Manager,全面预算领域的HRP预算控制规则对象；用于支撑业务闭环、权限、审计与对账。,company;organization_unit,,Finance
ione_hrp,HRP Budget,HRP Budget Ledger,HRP预算台账,Ledger,0,0,0,format:FIN-.YYYY.-.#####,subject,0,0,30,内部,HRP Finance User;HRP Budget Manager,全面预算领域的HRP预算台账对象；用于支撑业务闭环、权限、审计与对账。,company;organization_unit;status;posting_date,,Finance
ione_hrp,HRP Budget,HRP Budget Reservation,HRP预算预占,Transaction,1,0,0,format:FIN-.YYYY.-.#####,subject,1,0,10,内部,HRP Finance User;HRP Budget Manager,全面预算领域的HRP预算预占对象；用于支撑业务闭环、权限、审计与对账。,company;organization_unit;status;posting_date,,Finance
ione_hrp,HRP Budget,HRP Budget Commitment,HRP预算承诺,Transaction,1,0,0,format:FIN-.YYYY.-.#####,subject,1,0,10,内部,HRP Finance User;HRP Budget Manager,全面预算领域的HRP预算承诺对象；用于支撑业务闭环、权限、审计与对账。,company;organization_unit;status;posting_date,,Finance
ione_hrp,HRP Budget,HRP Budget Actualization,HRP预算实际确认,Transaction,1,0,0,format:FIN-.YYYY.-.#####,subject,1,0,10,内部,HRP Finance User;HRP Budget Manager,全面预算领域的HRP预算实际确认对象；用于支撑业务闭环、权限、审计与对账。,company;organization_unit;status;posting_date,,Finance
ione_hrp,HRP Budget,HRP Budget Release Entry,HRP预算发布记录,Transaction,1,0,0,format:FIN-.YYYY.-.#####,subject,1,0,10,内部,HRP Finance User;HRP Budget Manager,全面预算领域的HRP预算发布记录对象；用于支撑业务闭环、权限、审计与对账。,company;organization_unit;status;posting_date,,Finance
ione_hrp,HRP Budget,HRP Budget Adjustment,HRP预算调整,Transaction,1,0,0,format:FIN-.YYYY.-.#####,subject,1,0,10,内部,HRP Finance User;HRP Budget Manager,全面预算领域的HRP预算调整对象；用于支撑业务闭环、权限、审计与对账。,company;organization_unit;status;posting_date,,Finance
ione_hrp,HRP Budget,HRP Budget Transfer,HRP预算调剂,Transaction,1,0,0,format:FIN-.YYYY.-.#####,subject,1,0,10,内部,HRP Finance User;HRP Budget Manager,全面预算领域的HRP预算调剂对象；用于支撑业务闭环、权限、审计与对账。,company;organization_unit;status;posting_date,,Finance
ione_hrp,HRP Budget,HRP Budget Forecast,HRP预算预测,Transaction,0,0,0,format:FIN-.YYYY.-.#####,subject,1,0,10,内部,HRP Finance User;HRP Budget Manager,全面预算领域的HRP预算预测对象；用于支撑业务闭环、权限、审计与对账。,company;organization_unit;status;posting_date,,Finance
ione_hrp,HRP Expense,HRP Expense Policy,HRP费用策略,Master,0,0,0,format:FIN-.#####,display_name,1,1,10,内部,HRP Finance User;HRP Budget Manager,报账费用领域的HRP费用策略对象；用于支撑业务闭环、权限、审计与对账。,company;organization_unit,,Finance
ione_hrp,HRP Expense,HRP Expense Standard,HRP费用标准,Master,0,0,0,field:code,display_name,1,1,10,内部,HRP Finance User;HRP Budget Manager,报账费用领域的HRP费用标准对象；用于支撑业务闭环、权限、审计与对账。,company;organization_unit,,Finance
ione_hrp,HRP Expense,HRP Expense Preapproval,HRP费用事前申请,Transaction,1,0,0,format:FIN-.YYYY.-.#####,subject,1,0,10,内部,HRP Finance User;HRP Budget Manager,报账费用领域的HRP费用事前申请对象；用于支撑业务闭环、权限、审计与对账。,company;organization_unit;status;posting_date,,Finance
ione_hrp,HRP Expense,HRP Expense Preapproval Line,HRP费用事前申请明细,Child,0,1,0,,,0,0,10,内部,HRP Finance User;HRP Budget Manager,报账费用领域的HRP费用事前申请明细对象；用于支撑业务闭环、权限、审计与对账。,company;organization_unit,,Finance
ione_hrp,HRP Expense,HRP Travel Request,HRP差旅申请,Transaction,1,0,0,format:FIN-.YYYY.-.#####,subject,1,0,10,内部,HRP Finance User;HRP Budget Manager,报账费用领域的HRP差旅申请对象；用于支撑业务闭环、权限、审计与对账。,company;organization_unit;status;posting_date,,Finance
ione_hrp,HRP Expense,HRP Travel Itinerary,HRP差旅行程,Transaction,1,0,0,format:FIN-.YYYY.-.#####,subject,1,0,10,内部,HRP Finance User;HRP Budget Manager,报账费用领域的HRP差旅行程对象；用于支撑业务闭环、权限、审计与对账。,company;organization_unit;status;posting_date,,Finance
ione_hrp,HRP Expense,HRP Cash Advance,HRP现金借款,Transaction,1,0,0,format:FIN-.YYYY.-.#####,subject,1,0,10,内部,HRP Finance User;HRP Budget Manager,报账费用领域的HRP现金借款对象；用于支撑业务闭环、权限、审计与对账。,company;organization_unit;status;posting_date,,Finance
ione_hrp,HRP Expense,HRP Expense Claim Extension,HRP费用报销扩展,Transaction,0,0,0,format:FIN-.YYYY.-.#####,subject,1,0,10,内部,HRP Finance User;HRP Budget Manager,报账费用领域的HRP费用报销扩展对象；用于支撑业务闭环、权限、审计与对账。,company;organization_unit;status;posting_date,,Finance
ione_hrp,HRP Expense,HRP Expense Claim Allocation,HRP费用报销分摊,Child,0,1,0,,,0,0,10,内部,HRP Finance User;HRP Budget Manager,报账费用领域的HRP费用报销分摊对象；用于支撑业务闭环、权限、审计与对账。,company;organization_unit,,Finance
ione_hrp,HRP Expense,HRP Invoice Verification,HRP发票校验,Transaction,1,0,0,format:FIN-.YYYY.-.#####,subject,1,0,30,内部,HRP Finance User;HRP Budget Manager,报账费用领域的HRP发票校验对象；用于支撑业务闭环、权限、审计与对账。,company;organization_unit;status;posting_date,Purchase Invoice,Finance
ione_hrp,HRP Expense,HRP Duplicate Invoice Hash,HRP重复发票指纹,Transaction,1,0,0,format:FIN-.YYYY.-.#####,subject,1,0,30,内部,HRP Finance User;HRP Budget Manager,报账费用领域的HRP重复发票指纹对象；用于支撑业务闭环、权限、审计与对账。,company;organization_unit;status;posting_date,Purchase Invoice,Finance
ione_hrp,HRP Expense,HRP Reimbursement Batch,HRP报账批次,Transaction,1,0,0,format:FIN-.YYYY.-.#####,subject,1,0,10,内部,HRP Finance User;HRP Budget Manager,报账费用领域的HRP报账批次对象；用于支撑业务闭环、权限、审计与对账。,company;organization_unit;status;posting_date,,Finance
ione_hrp,HRP Expense,HRP Personal Account Statement,HRP个人账户对账单,Transaction,1,0,0,format:FIN-.YYYY.-.#####,subject,1,0,10,内部,HRP Finance User;HRP Budget Manager,报账费用领域的HRP个人账户对账单对象；用于支撑业务闭环、权限、审计与对账。,company;organization_unit;status;posting_date,Account,Finance
ione_hrp,HRP Expense,HRP Expense Exception,HRP费用例外,Transaction,0,0,0,format:FIN-.YYYY.-.#####,subject,1,0,10,内部,HRP Finance User;HRP Budget Manager,报账费用领域的HRP费用例外对象；用于支撑业务闭环、权限、审计与对账。,company;organization_unit;status;posting_date,,Finance
ione_hrp,HRP Treasury,HRP Cash Plan,HRP现金计划,Transaction,1,0,0,format:FIN-.YYYY.-.#####,subject,1,0,10,内部,HRP Finance User;HRP Budget Manager,资金管理领域的HRP现金计划对象；用于支撑业务闭环、权限、审计与对账。,company;organization_unit;status;posting_date,,Finance
ione_hrp,HRP Treasury,HRP Cash Plan Line,HRP现金计划明细,Child,0,1,0,,,0,0,10,内部,HRP Finance User;HRP Budget Manager,资金管理领域的HRP现金计划明细对象；用于支撑业务闭环、权限、审计与对账。,company;organization_unit,,Finance
ione_hrp,HRP Treasury,HRP Payment Request,HRP付款申请,Transaction,1,0,0,format:FIN-.YYYY.-.#####,subject,1,0,30,敏感,HRP Finance User;HRP Budget Manager,资金管理领域的HRP付款申请对象；用于支撑业务闭环、权限、审计与对账。,company;organization_unit;status;posting_date,Payment Entry,Finance
ione_hrp,HRP Treasury,HRP Payment Request Allocation,HRP付款申请分摊,Child,0,1,0,,,0,0,30,敏感,HRP Finance User;HRP Budget Manager,资金管理领域的HRP付款申请分摊对象；用于支撑业务闭环、权限、审计与对账。,company;organization_unit,Payment Entry,Finance
ione_hrp,HRP Treasury,HRP Payment Batch,HRP付款批次,Transaction,1,0,0,format:FIN-.YYYY.-.#####,subject,1,0,30,敏感,HRP Finance User;HRP Budget Manager,资金管理领域的HRP付款批次对象；用于支撑业务闭环、权限、审计与对账。,company;organization_unit;status;posting_date,Payment Entry,Finance
ione_hrp,HRP Treasury,HRP Payment Instruction,HRP付款指令,Transaction,1,0,0,format:FIN-.YYYY.-.#####,subject,1,0,30,敏感,HRP Finance User;HRP Budget Manager,资金管理领域的HRP付款指令对象；用于支撑业务闭环、权限、审计与对账。,company;organization_unit;status;posting_date,Payment Entry,Finance
ione_hrp,HRP Treasury,HRP Bank Return,HRP银行回执,Log,0,0,0,format:FIN-.YYYY.-.#####,subject,0,0,10,敏感,HRP Finance User;HRP Budget Manager,资金管理领域的HRP银行回执对象；用于支撑业务闭环、权限、审计与对账。,company;organization_unit;status;posting_date,,Finance
ione_hrp,HRP Treasury,HRP Bank Statement Import,HRP银行对账单导入,Transaction,1,0,0,format:FIN-.YYYY.-.#####,subject,1,0,10,敏感,HRP Finance User;HRP Budget Manager,资金管理领域的HRP银行对账单导入对象；用于支撑业务闭环、权限、审计与对账。,company;organization_unit;status;posting_date,,Finance
ione_hrp,HRP Treasury,HRP Bank Reconciliation Task,HRP银行对账任务,Transaction,0,0,0,format:FIN-.YYYY.-.#####,subject,1,0,10,敏感,HRP Finance User;HRP Budget Manager,资金管理领域的HRP银行对账任务对象；用于支撑业务闭环、权限、审计与对账。,company;organization_unit;status;posting_date;external_id;correlation_id,,Finance
ione_hrp,HRP Treasury,HRP Fund Position Snapshot,HRP资金岗位快照,Log,0,0,0,format:FIN-.YYYY.-.#####,subject,0,0,10,内部,HRP Finance User;HRP Budget Manager,资金管理领域的HRP资金岗位快照对象；用于支撑业务闭环、权限、审计与对账。,company;organization_unit;status;posting_date,,Finance
ione_hrp,HRP Treasury,HRP Cash Flow Forecast,HRP现金流预测,Transaction,0,0,0,format:FIN-.YYYY.-.#####,subject,1,0,10,内部,HRP Finance User;HRP Budget Manager,资金管理领域的HRP现金流预测对象；用于支撑业务闭环、权限、审计与对账。,company;organization_unit;status;posting_date,,Finance
ione_hrp,HRP Treasury,HRP Treasury Alert,HRP资金预警,Log,0,0,0,format:FIN-.YYYY.-.#####,subject,0,0,10,内部,HRP Finance User;HRP Budget Manager,资金管理领域的HRP资金预警对象；用于支撑业务闭环、权限、审计与对账。,company;organization_unit;status;posting_date,,Finance
ione_hrp,HRP Accounting Bridge,HRP Accounting Rule,HRP会计规则,Master,0,0,0,field:code,display_name,1,1,30,内部,HRP Finance User;HRP Budget Manager,会计桥接领域的HRP会计规则对象；用于支撑业务闭环、权限、审计与对账。,company;organization_unit,Account,Finance
ione_hrp,HRP Accounting Bridge,HRP Accounting Rule Line,HRP会计规则明细,Child,0,1,0,,,0,0,30,内部,HRP Finance User;HRP Budget Manager,会计桥接领域的HRP会计规则明细对象；用于支撑业务闭环、权限、审计与对账。,company;organization_unit,Account,Finance
ione_hrp,HRP Accounting Bridge,HRP Voucher Generation Request,HRP凭证生成申请,Transaction,1,0,0,format:FIN-.YYYY.-.#####,subject,1,0,10,内部,HRP Finance User;HRP Budget Manager,会计桥接领域的HRP凭证生成申请对象；用于支撑业务闭环、权限、审计与对账。,company;organization_unit;status;posting_date,,Finance
ione_hrp,HRP Accounting Bridge,HRP Voucher Link,HRP凭证链接,Transaction,0,0,0,format:FIN-.YYYY.-.#####,subject,1,0,10,内部,HRP Finance User;HRP Budget Manager,会计桥接领域的HRP凭证链接对象；用于支撑业务闭环、权限、审计与对账。,company;organization_unit;status;posting_date,,Finance
ione_hrp,HRP Accounting Bridge,HRP Auxiliary Dimension Mapping,HRP辅助维度映射,Transaction,1,0,0,format:FIN-.YYYY.-.#####,subject,1,0,10,内部,HRP Finance User;HRP Budget Manager,会计桥接领域的HRP辅助维度映射对象；用于支撑业务闭环、权限、审计与对账。,company;organization_unit;status;posting_date,,Finance
ione_hrp,HRP Accounting Bridge,HRP Period Close Checklist,HRP期间关账检查表,Transaction,1,0,0,format:FIN-.YYYY.-.#####,subject,1,0,10,内部,HRP Finance User;HRP Budget Manager,会计桥接领域的HRP期间关账检查表对象；用于支撑业务闭环、权限、审计与对账。,company;organization_unit;status;posting_date,,Finance
ione_hrp,HRP Accounting Bridge,HRP Financial Reconciliation,HRP财务对账,Transaction,1,0,0,format:FIN-.YYYY.-.#####,subject,1,0,10,内部,HRP Finance User;HRP Budget Manager,会计桥接领域的HRP财务对账对象；用于支撑业务闭环、权限、审计与对账。,company;organization_unit;status;posting_date;external_id;correlation_id,,Finance
ione_hrp,HRP Accounting Bridge,HRP Posting Error Log,HRP过账错误日志,Log,0,0,0,format:FIN-.YYYY.-.#####,subject,0,0,10,内部,HRP Finance User;HRP Budget Manager,会计桥接领域的HRP过账错误日志对象；用于支撑业务闭环、权限、审计与对账。,company;organization_unit;status;posting_date,,Finance
ione_hrp,HRP Cost,HRP Costing Period,HRP成本核算期间,Transaction,1,0,0,format:FIN-.YYYY.-.#####,subject,1,0,10,内部,HRP Finance User;HRP Budget Manager,成本核算领域的HRP成本核算期间对象；用于支撑业务闭环、权限、审计与对账。,company;organization_unit;status;posting_date,,Finance
ione_hrp,HRP Cost,HRP Cost Object,HRP成本对象,Master,0,0,0,field:code,display_name,1,1,10,内部,HRP Finance User;HRP Budget Manager,成本核算领域的HRP成本对象对象；用于支撑业务闭环、权限、审计与对账。,company;organization_unit,,Finance
ione_hrp,HRP Cost,HRP Cost Element,HRP成本要素,Master,0,0,0,field:code,display_name,1,1,10,内部,HRP Finance User;HRP Budget Manager,成本核算领域的HRP成本要素对象；用于支撑业务闭环、权限、审计与对账。,company;organization_unit,,Finance
ione_hrp,HRP Cost,HRP Cost Driver,HRP成本动因,Master,0,0,0,field:code,display_name,1,1,10,内部,HRP Finance User;HRP Budget Manager,成本核算领域的HRP成本动因对象；用于支撑业务闭环、权限、审计与对账。,company;organization_unit,,Finance
ione_hrp,HRP Cost,HRP Cost Driver Quantity,HRP成本动因数量,Master,0,0,0,field:code,display_name,1,1,10,内部,HRP Finance User;HRP Budget Manager,成本核算领域的HRP成本动因数量对象；用于支撑业务闭环、权限、审计与对账。,company;organization_unit,,Finance
ione_hrp,HRP Cost,HRP Cost Collection,HRP成本归集,Transaction,1,0,0,format:FIN-.YYYY.-.#####,subject,1,0,10,内部,HRP Finance User;HRP Budget Manager,成本核算领域的HRP成本归集对象；用于支撑业务闭环、权限、审计与对账。,company;organization_unit;status;posting_date,,Finance
ione_hrp,HRP Cost,HRP Cost Collection Line,HRP成本归集明细,Child,0,1,0,,,0,0,10,内部,HRP Finance User;HRP Budget Manager,成本核算领域的HRP成本归集明细对象；用于支撑业务闭环、权限、审计与对账。,company;organization_unit,,Finance
ione_hrp,HRP Cost,HRP Cost Allocation Scheme,HRP成本分摊方案,Master,0,0,0,field:code,display_name,1,1,10,内部,HRP Finance User;HRP Budget Manager,成本核算领域的HRP成本分摊方案对象；用于支撑业务闭环、权限、审计与对账。,company;organization_unit,,Finance
ione_hrp,HRP Cost,HRP Cost Allocation Step,HRP成本分摊步骤,Transaction,1,0,0,format:FIN-.YYYY.-.#####,subject,1,0,10,内部,HRP Finance User;HRP Budget Manager,成本核算领域的HRP成本分摊步骤对象；用于支撑业务闭环、权限、审计与对账。,company;organization_unit;status;posting_date,,Finance
ione_hrp,HRP Cost,HRP Cost Allocation Result,HRP成本分摊结果,Transaction,1,0,0,format:FIN-.YYYY.-.#####,subject,1,0,10,内部,HRP Finance User;HRP Budget Manager,成本核算领域的HRP成本分摊结果对象；用于支撑业务闭环、权限、审计与对账。,company;organization_unit;status;posting_date,,Finance
ione_hrp,HRP Cost,HRP Service Cost Result,HRP服务成本结果,Transaction,1,0,0,format:FIN-.YYYY.-.#####,subject,1,0,10,内部,HRP Finance User;HRP Budget Manager,成本核算领域的HRP服务成本结果对象；用于支撑业务闭环、权限、审计与对账。,company;organization_unit;status;posting_date,,Finance
ione_hrp,HRP Cost,HRP Disease Cost Result,HRP病种成本结果,Transaction,1,0,0,format:FIN-.YYYY.-.#####,subject,1,0,10,内部,HRP Finance User;HRP Budget Manager,成本核算领域的HRP病种成本结果对象；用于支撑业务闭环、权限、审计与对账。,company;organization_unit;status;posting_date,,Finance
ione_hrp,HRP Cost,HRP DRG DIP Cost Result,HRPDRGDIP成本结果,Transaction,1,0,0,format:FIN-.YYYY.-.#####,subject,1,0,10,内部,HRP Finance User;HRP Budget Manager,成本核算领域的HRPDRGDIP成本结果对象；用于支撑业务闭环、权限、审计与对账。,company;organization_unit;status;posting_date,,Finance
ione_hrp,HRP Cost,HRP Costing Run,HRP成本核算运行,Transaction,1,0,0,format:FIN-.YYYY.-.#####,subject,1,0,10,内部,HRP Finance User;HRP Budget Manager,成本核算领域的HRP成本核算运行对象；用于支撑业务闭环、权限、审计与对账。,company;organization_unit;status;posting_date,,Finance
ione_hrp,HRP Supplier,HRP Supplier Profile,HRP供应商档案,Master,0,0,0,format:SUP-.#####,display_name,1,1,10,内部,HRP Procurement User;HRP Supply Manager,供应商领域的HRP供应商档案对象；用于支撑业务闭环、权限、审计与对账。,company;organization_unit,Supplier,Supply
ione_hrp,HRP Supplier,HRP Supplier Registration,HRP供应商注册,Transaction,1,0,0,format:SUP-.YYYY.-.#####,subject,1,0,10,内部,HRP Procurement User;HRP Supply Manager,供应商领域的HRP供应商注册对象；用于支撑业务闭环、权限、审计与对账。,company;organization_unit;status;posting_date,Supplier,Supply
ione_hrp,HRP Supplier,HRP Supplier Qualification,HRP供应商准入,Transaction,1,0,0,format:SUP-.YYYY.-.#####,subject,1,0,10,内部,HRP Procurement User;HRP Supply Manager,供应商领域的HRP供应商准入对象；用于支撑业务闭环、权限、审计与对账。,company;organization_unit;status;posting_date,Supplier,Supply
ione_hrp,HRP Supplier,HRP Supplier Certificate,HRP供应商证照,Transaction,1,0,0,format:SUP-.YYYY.-.#####,subject,1,0,10,内部,HRP Procurement User;HRP Supply Manager,供应商领域的HRP供应商证照对象；用于支撑业务闭环、权限、审计与对账。,company;organization_unit;status;posting_date,Supplier,Supply
ione_hrp,HRP Supplier,HRP Supplier Product Authorization,HRP供应商产品授权,Transaction,1,0,0,format:SUP-.YYYY.-.#####,subject,1,0,10,内部,HRP Procurement User;HRP Supply Manager,供应商领域的HRP供应商产品授权对象；用于支撑业务闭环、权限、审计与对账。,company;organization_unit;status;posting_date,Supplier,Supply
ione_hrp,HRP Supplier,HRP Supplier Risk,HRP供应商风险,Transaction,1,0,0,format:SUP-.YYYY.-.#####,subject,1,0,10,内部,HRP Procurement User;HRP Supply Manager,供应商领域的HRP供应商风险对象；用于支撑业务闭环、权限、审计与对账。,company;organization_unit;status;posting_date,Supplier,Supply
ione_hrp,HRP Supplier,HRP Supplier Evaluation,HRP供应商评价,Transaction,0,0,0,format:SUP-.YYYY.-.#####,subject,1,0,10,内部,HRP Procurement User;HRP Supply Manager,供应商领域的HRP供应商评价对象；用于支撑业务闭环、权限、审计与对账。,company;organization_unit;status;posting_date,Supplier,Supply
ione_hrp,HRP Supplier,HRP Supplier Evaluation Line,HRP供应商评价明细,Child,0,1,0,,,0,0,10,内部,HRP Procurement User;HRP Supply Manager,供应商领域的HRP供应商评价明细对象；用于支撑业务闭环、权限、审计与对账。,company;organization_unit,Supplier,Supply
ione_hrp,HRP Supplier,HRP Supplier Grade,HRP供应商等级,Master,0,0,0,field:code,display_name,1,1,10,内部,HRP Procurement User;HRP Supply Manager,供应商领域的HRP供应商等级对象；用于支撑业务闭环、权限、审计与对账。,company;organization_unit,Supplier,Supply
ione_hrp,HRP Supplier,HRP Supplier Blacklist,HRP供应商黑名单,Transaction,1,0,0,format:SUP-.YYYY.-.#####,subject,1,0,10,内部,HRP Procurement User;HRP Supply Manager,供应商领域的HRP供应商黑名单对象；用于支撑业务闭环、权限、审计与对账。,company;organization_unit;status;posting_date,Supplier,Supply
ione_hrp,HRP Supplier,HRP Supplier Portal Account,HRP供应商门户账户,Transaction,1,0,0,format:SUP-.YYYY.-.#####,subject,1,0,10,内部,HRP Procurement User;HRP Supply Manager,供应商领域的HRP供应商门户账户对象；用于支撑业务闭环、权限、审计与对账。,company;organization_unit;status;posting_date,Supplier;Account,Supply
ione_hrp,HRP Supplier,HRP Supplier Change Request,HRP供应商变更申请,Transaction,1,0,0,format:SUP-.YYYY.-.#####,subject,1,0,10,内部,HRP Procurement User;HRP Supply Manager,供应商领域的HRP供应商变更申请对象；用于支撑业务闭环、权限、审计与对账。,company;organization_unit;status;posting_date,Supplier,Supply
ione_hrp,HRP Sourcing Tender,HRP Procurement Category,HRP采购类别,Master,0,0,0,field:code,display_name,1,1,10,内部,HRP Procurement User;HRP Supply Manager,寻源招投标领域的HRP采购类别对象；用于支撑业务闭环、权限、审计与对账。,company;organization_unit,,Supply
ione_hrp,HRP Sourcing Tender,HRP Sourcing Plan,HRP寻源计划,Transaction,1,0,0,format:SUP-.YYYY.-.#####,subject,1,0,10,内部,HRP Procurement User;HRP Supply Manager,寻源招投标领域的HRP寻源计划对象；用于支撑业务闭环、权限、审计与对账。,company;organization_unit;status;posting_date,,Supply
ione_hrp,HRP Sourcing Tender,HRP Sourcing Plan Line,HRP寻源计划明细,Child,0,1,0,,,0,0,10,内部,HRP Procurement User;HRP Supply Manager,寻源招投标领域的HRP寻源计划明细对象；用于支撑业务闭环、权限、审计与对账。,company;organization_unit,,Supply
ione_hrp,HRP Sourcing Tender,HRP Tender Project,HRP招标项目,Transaction,1,0,0,format:SUP-.YYYY.-.#####,subject,1,0,10,内部,HRP Procurement User;HRP Supply Manager,寻源招投标领域的HRP招标项目对象；用于支撑业务闭环、权限、审计与对账。,company;organization_unit;status;posting_date,Project,Supply
ione_hrp,HRP Sourcing Tender,HRP Tender Package,HRP招标标包,Transaction,1,0,0,format:SUP-.YYYY.-.#####,subject,1,0,10,内部,HRP Procurement User;HRP Supply Manager,寻源招投标领域的HRP招标标包对象；用于支撑业务闭环、权限、审计与对账。,company;organization_unit;status;posting_date,,Supply
ione_hrp,HRP Sourcing Tender,HRP Tender Requirement,HRP招标要求,Transaction,1,0,0,format:SUP-.YYYY.-.#####,subject,1,0,10,内部,HRP Procurement User;HRP Supply Manager,寻源招投标领域的HRP招标要求对象；用于支撑业务闭环、权限、审计与对账。,company;organization_unit;status;posting_date,,Supply
ione_hrp,HRP Sourcing Tender,HRP Tender Notice,HRP招标公告,Transaction,1,0,0,format:SUP-.YYYY.-.#####,subject,1,0,10,内部,HRP Procurement User;HRP Supply Manager,寻源招投标领域的HRP招标公告对象；用于支撑业务闭环、权限、审计与对账。,company;organization_unit;status;posting_date,,Supply
ione_hrp,HRP Sourcing Tender,HRP Bid Registration,HRP投标注册,Transaction,1,0,0,format:SUP-.YYYY.-.#####,subject,1,0,10,内部,HRP Procurement User;HRP Supply Manager,寻源招投标领域的HRP投标注册对象；用于支撑业务闭环、权限、审计与对账。,company;organization_unit;status;posting_date,,Supply
ione_hrp,HRP Sourcing Tender,HRP Bid Document,HRP投标文件,Transaction,1,0,0,format:SUP-.YYYY.-.#####,subject,1,0,10,内部,HRP Procurement User;HRP Supply Manager,寻源招投标领域的HRP投标文件对象；用于支撑业务闭环、权限、审计与对账。,company;organization_unit;status;posting_date,,Supply
ione_hrp,HRP Sourcing Tender,HRP Expert Pool,HRP专家库,Master,0,0,0,field:code,display_name,1,1,10,内部,HRP Procurement User;HRP Supply Manager,寻源招投标领域的HRP专家库对象；用于支撑业务闭环、权限、审计与对账。,company;organization_unit,,Supply
ione_hrp,HRP Sourcing Tender,HRP Expert Extraction,HRP专家抽取,Transaction,1,0,0,format:SUP-.YYYY.-.#####,subject,1,0,10,内部,HRP Procurement User;HRP Supply Manager,寻源招投标领域的HRP专家抽取对象；用于支撑业务闭环、权限、审计与对账。,company;organization_unit;status;posting_date,,Supply
ione_hrp,HRP Sourcing Tender,HRP Evaluation Committee,HRP评价委员会,Transaction,0,0,0,format:SUP-.YYYY.-.#####,subject,1,0,10,内部,HRP Procurement User;HRP Supply Manager,寻源招投标领域的HRP评价委员会对象；用于支撑业务闭环、权限、审计与对账。,company;organization_unit;status;posting_date,,Supply
ione_hrp,HRP Sourcing Tender,HRP Evaluation Criterion,HRP评价指标,Master,0,0,0,field:code,display_name,1,1,10,内部,HRP Procurement User;HRP Supply Manager,寻源招投标领域的HRP评价指标对象；用于支撑业务闭环、权限、审计与对账。,company;organization_unit,,Supply
ione_hrp,HRP Sourcing Tender,HRP Bid Evaluation,HRP投标评价,Transaction,0,0,0,format:SUP-.YYYY.-.#####,subject,1,0,10,内部,HRP Procurement User;HRP Supply Manager,寻源招投标领域的HRP投标评价对象；用于支撑业务闭环、权限、审计与对账。,company;organization_unit;status;posting_date,,Supply
ione_hrp,HRP Sourcing Tender,HRP Bid Evaluation Score,HRP投标评价评分,Child,0,1,0,,,0,0,10,内部,HRP Procurement User;HRP Supply Manager,寻源招投标领域的HRP投标评价评分对象；用于支撑业务闭环、权限、审计与对账。,company;organization_unit,,Supply
ione_hrp,HRP Sourcing Tender,HRP Award Decision,HRP定标Decision,Transaction,1,0,0,format:SUP-.YYYY.-.#####,subject,1,0,10,内部,HRP Procurement User;HRP Supply Manager,寻源招投标领域的HRP定标Decision对象；用于支撑业务闭环、权限、审计与对账。,company;organization_unit;status;posting_date,,Supply
ione_hrp,HRP Sourcing Tender,HRP Award Notice,HRP定标公告,Transaction,1,0,0,format:SUP-.YYYY.-.#####,subject,1,0,10,内部,HRP Procurement User;HRP Supply Manager,寻源招投标领域的HRP定标公告对象；用于支撑业务闭环、权限、审计与对账。,company;organization_unit;status;posting_date,,Supply
ione_hrp,HRP Sourcing Tender,HRP Tender Archive,HRP招标档案,Transaction,1,0,0,format:SUP-.YYYY.-.#####,subject,1,0,30,内部,HRP Procurement User;HRP Supply Manager,寻源招投标领域的HRP招标档案对象；用于支撑业务闭环、权限、审计与对账。,company;organization_unit;status;posting_date,,Supply
ione_hrp,HRP Procurement,HRP Purchase Demand,HRP采购需求,Transaction,1,0,0,format:SUP-.YYYY.-.#####,subject,1,0,10,内部,HRP Procurement User;HRP Supply Manager,采购执行领域的HRP采购需求对象；用于支撑业务闭环、权限、审计与对账。,company;organization_unit;status;posting_date,Purchase Order,Supply
ione_hrp,HRP Procurement,HRP Purchase Demand Line,HRP采购需求明细,Child,0,1,0,,,0,0,10,内部,HRP Procurement User;HRP Supply Manager,采购执行领域的HRP采购需求明细对象；用于支撑业务闭环、权限、审计与对账。,company;organization_unit,Purchase Order,Supply
ione_hrp,HRP Procurement,HRP Purchase Request Extension,HRP采购申请扩展,Transaction,0,0,0,format:SUP-.YYYY.-.#####,subject,1,0,10,内部,HRP Procurement User;HRP Supply Manager,采购执行领域的HRP采购申请扩展对象；用于支撑业务闭环、权限、审计与对账。,company;organization_unit;status;posting_date,Purchase Order,Supply
ione_hrp,HRP Procurement,HRP Procurement Strategy,HRP采购策略,Transaction,1,0,0,format:SUP-.YYYY.-.#####,subject,1,0,10,内部,HRP Procurement User;HRP Supply Manager,采购执行领域的HRP采购策略对象；用于支撑业务闭环、权限、审计与对账。,company;organization_unit;status;posting_date,,Supply
ione_hrp,HRP Procurement,HRP Procurement Task,HRP采购任务,Transaction,0,0,0,format:SUP-.YYYY.-.#####,subject,1,0,10,内部,HRP Procurement User;HRP Supply Manager,采购执行领域的HRP采购任务对象；用于支撑业务闭环、权限、审计与对账。,company;organization_unit;status;posting_date,,Supply
ione_hrp,HRP Procurement,HRP Price Benchmark,HRP价格基准,Transaction,1,0,0,format:SUP-.YYYY.-.#####,subject,1,0,10,内部,HRP Procurement User;HRP Supply Manager,采购执行领域的HRP价格基准对象；用于支撑业务闭环、权限、审计与对账。,company;organization_unit;status;posting_date,,Supply
ione_hrp,HRP Procurement,HRP Price History,HRP价格历史,Log,0,0,0,format:SUP-.YYYY.-.#####,subject,0,0,10,内部,HRP Procurement User;HRP Supply Manager,采购执行领域的HRP价格历史对象；用于支撑业务闭环、权限、审计与对账。,company;organization_unit;status;posting_date,,Supply
ione_hrp,HRP Procurement,HRP Quotation Comparison,HRP报价比价,Transaction,1,0,0,format:SUP-.YYYY.-.#####,subject,1,0,10,内部,HRP Procurement User;HRP Supply Manager,采购执行领域的HRP报价比价对象；用于支撑业务闭环、权限、审计与对账。,company;organization_unit;status;posting_date,,Supply
ione_hrp,HRP Procurement,HRP Quotation Comparison Line,HRP报价比价明细,Child,0,1,0,,,0,0,10,内部,HRP Procurement User;HRP Supply Manager,采购执行领域的HRP报价比价明细对象；用于支撑业务闭环、权限、审计与对账。,company;organization_unit,,Supply
ione_hrp,HRP Procurement,HRP Purchase Order Extension,HRP采购订单扩展,Transaction,0,0,0,format:SUP-.YYYY.-.#####,subject,1,0,10,内部,HRP Procurement User;HRP Supply Manager,采购执行领域的HRP采购订单扩展对象；用于支撑业务闭环、权限、审计与对账。,company;organization_unit;status;posting_date,Purchase Order,Supply
ione_hrp,HRP Procurement,HRP Delivery Schedule,HRP交付计划,Transaction,1,0,0,format:SUP-.YYYY.-.#####,subject,1,0,10,内部,HRP Procurement User;HRP Supply Manager,采购执行领域的HRP交付计划对象；用于支撑业务闭环、权限、审计与对账。,company;organization_unit;status;posting_date,,Supply
ione_hrp,HRP Procurement,HRP Receipt Acceptance,HRP到货验收,Transaction,1,0,0,format:SUP-.YYYY.-.#####,subject,1,0,10,内部,HRP Procurement User;HRP Supply Manager,采购执行领域的HRP到货验收对象；用于支撑业务闭环、权限、审计与对账。,company;organization_unit;status;posting_date,,Supply
ione_hrp,HRP Procurement,HRP Acceptance Line,HRP验收明细,Child,0,1,0,,,0,0,10,内部,HRP Procurement User;HRP Supply Manager,采购执行领域的HRP验收明细对象；用于支撑业务闭环、权限、审计与对账。,company;organization_unit,,Supply
ione_hrp,HRP Procurement,HRP Three Way Match,HRP三单匹配,Transaction,1,0,0,format:SUP-.YYYY.-.#####,subject,1,0,10,内部,HRP Procurement User;HRP Supply Manager,采购执行领域的HRP三单匹配对象；用于支撑业务闭环、权限、审计与对账。,company;organization_unit;status;posting_date,,Supply
ione_hrp,HRP Procurement,HRP Procurement Exception,HRP采购例外,Transaction,0,0,0,format:SUP-.YYYY.-.#####,subject,1,0,10,内部,HRP Procurement User;HRP Supply Manager,采购执行领域的HRP采购例外对象；用于支撑业务闭环、权限、审计与对账。,company;organization_unit;status;posting_date,,Supply
ione_hrp,HRP Procurement,HRP Emergency Purchase,HRP紧急采购,Transaction,1,0,0,format:SUP-.YYYY.-.#####,subject,1,0,10,内部,HRP Procurement User;HRP Supply Manager,采购执行领域的HRP紧急采购对象；用于支撑业务闭环、权限、审计与对账。,company;organization_unit;status;posting_date,Purchase Order,Supply
ione_hrp,HRP Contract,HRP Contract,HRP合同,Transaction,1,0,0,format:SUP-.YYYY.-.#####,subject,1,0,30,内部,HRP Procurement User;HRP Supply Manager,合同领域的HRP合同对象；用于支撑业务闭环、权限、审计与对账。,company;organization_unit;status;posting_date,,Supply
ione_hrp,HRP Contract,HRP Contract Line,HRP合同明细,Child,0,1,0,,,0,0,30,内部,HRP Procurement User;HRP Supply Manager,合同领域的HRP合同明细对象；用于支撑业务闭环、权限、审计与对账。,company;organization_unit,,Supply
ione_hrp,HRP Contract,HRP Contract Counterparty,HRP合同相对方,Transaction,1,0,0,format:SUP-.YYYY.-.#####,subject,1,0,30,内部,HRP Procurement User;HRP Supply Manager,合同领域的HRP合同相对方对象；用于支撑业务闭环、权限、审计与对账。,company;organization_unit;status;posting_date,,Supply
ione_hrp,HRP Contract,HRP Contract Template,HRP合同模板,Master,0,0,0,field:code,display_name,1,1,30,内部,HRP Procurement User;HRP Supply Manager,合同领域的HRP合同模板对象；用于支撑业务闭环、权限、审计与对账。,company;organization_unit,,Supply
ione_hrp,HRP Contract,HRP Contract Clause Library,HRP合同条款库,Master,0,0,0,field:code,display_name,1,1,30,内部,HRP Procurement User;HRP Supply Manager,合同领域的HRP合同条款库对象；用于支撑业务闭环、权限、审计与对账。,company;organization_unit,,Supply
ione_hrp,HRP Contract,HRP Contract Review,HRP合同评审,Transaction,0,0,0,format:SUP-.YYYY.-.#####,subject,1,0,30,内部,HRP Procurement User;HRP Supply Manager,合同领域的HRP合同评审对象；用于支撑业务闭环、权限、审计与对账。,company;organization_unit;status;posting_date,,Supply
ione_hrp,HRP Contract,HRP Contract Approval,HRP合同审批,Transaction,1,0,0,format:SUP-.YYYY.-.#####,subject,1,0,30,内部,HRP Procurement User;HRP Supply Manager,合同领域的HRP合同审批对象；用于支撑业务闭环、权限、审计与对账。,company;organization_unit;status;posting_date,,Supply
ione_hrp,HRP Contract,HRP Contract Obligation,HRP合同义务,Transaction,1,0,0,format:SUP-.YYYY.-.#####,subject,1,0,30,内部,HRP Procurement User;HRP Supply Manager,合同领域的HRP合同义务对象；用于支撑业务闭环、权限、审计与对账。,company;organization_unit;status;posting_date,,Supply
ione_hrp,HRP Contract,HRP Contract Milestone,HRP合同里程碑,Transaction,1,0,0,format:SUP-.YYYY.-.#####,subject,1,0,30,内部,HRP Procurement User;HRP Supply Manager,合同领域的HRP合同里程碑对象；用于支撑业务闭环、权限、审计与对账。,company;organization_unit;status;posting_date,,Supply
ione_hrp,HRP Contract,HRP Contract Payment Plan,HRP合同付款计划,Transaction,1,0,0,format:SUP-.YYYY.-.#####,subject,1,0,30,敏感,HRP Procurement User;HRP Supply Manager,合同领域的HRP合同付款计划对象；用于支撑业务闭环、权限、审计与对账。,company;organization_unit;status;posting_date,Payment Entry,Supply
ione_hrp,HRP Contract,HRP Contract Change,HRP合同变更,Transaction,1,0,0,format:SUP-.YYYY.-.#####,subject,1,0,30,内部,HRP Procurement User;HRP Supply Manager,合同领域的HRP合同变更对象；用于支撑业务闭环、权限、审计与对账。,company;organization_unit;status;posting_date,,Supply
ione_hrp,HRP Contract,HRP Contract Performance,HRP合同绩效,Transaction,1,0,0,format:SUP-.YYYY.-.#####,subject,1,0,30,内部,HRP Procurement User;HRP Supply Manager,合同领域的HRP合同绩效对象；用于支撑业务闭环、权限、审计与对账。,company;organization_unit;status;posting_date,,Supply
ione_hrp,HRP Contract,HRP Contract Alert,HRP合同预警,Log,0,0,0,format:SUP-.YYYY.-.#####,subject,0,0,30,内部,HRP Procurement User;HRP Supply Manager,合同领域的HRP合同预警对象；用于支撑业务闭环、权限、审计与对账。,company;organization_unit;status;posting_date,,Supply
ione_hrp,HRP Contract,HRP Contract Archive,HRP合同档案,Transaction,1,0,0,format:SUP-.YYYY.-.#####,subject,1,0,30,内部,HRP Procurement User;HRP Supply Manager,合同领域的HRP合同档案对象；用于支撑业务闭环、权限、审计与对账。,company;organization_unit;status;posting_date,,Supply
ione_hrp,HRP Inventory SPD,HRP Material Catalog,HRP物资目录,Master,0,0,0,field:code,display_name,1,1,10,内部,HRP Procurement User;HRP Supply Manager,库存与SPD领域的HRP物资目录对象；用于支撑业务闭环、权限、审计与对账。,company;organization_unit,Item,Supply
ione_hrp,HRP Inventory SPD,HRP Medical Consumable,HRP医疗耗材,Transaction,1,0,0,format:SUP-.YYYY.-.#####,subject,1,0,10,内部,HRP Procurement User;HRP Supply Manager,库存与SPD领域的HRP医疗耗材对象；用于支撑业务闭环、权限、审计与对账。,company;organization_unit;status;posting_date,,Supply
ione_hrp,HRP Inventory SPD,HRP UDI Device Identifier,HRPUDI器械标识,Transaction,1,0,0,format:SUP-.YYYY.-.#####,subject,1,0,10,内部,HRP Procurement User;HRP Supply Manager,库存与SPD领域的HRPUDI器械标识对象；用于支撑业务闭环、权限、审计与对账。,company;organization_unit;status;posting_date,,Supply
ione_hrp,HRP Inventory SPD,HRP UDI Production Identifier,HRPUDI生产标识,Transaction,1,0,0,format:SUP-.YYYY.-.#####,subject,1,0,10,内部,HRP Procurement User;HRP Supply Manager,库存与SPD领域的HRPUDI生产标识对象；用于支撑业务闭环、权限、审计与对账。,company;organization_unit;status;posting_date,,Supply
ione_hrp,HRP Inventory SPD,HRP Department Warehouse,HRP科室仓库,Master,0,0,0,field:code,display_name,1,1,10,内部,HRP Procurement User;HRP Supply Manager,库存与SPD领域的HRP科室仓库对象；用于支撑业务闭环、权限、审计与对账。,company;organization_unit,Warehouse;Department,Supply
ione_hrp,HRP Inventory SPD,HRP Bin Location,HRP库位位置,Master,0,0,0,field:code,display_name,1,1,10,内部,HRP Procurement User;HRP Supply Manager,库存与SPD领域的HRP库位位置对象；用于支撑业务闭环、权限、审计与对账。,company;organization_unit,,Supply
ione_hrp,HRP Inventory SPD,HRP Department Requisition,HRP科室申领,Transaction,1,0,0,format:SUP-.YYYY.-.#####,subject,1,0,10,内部,HRP Procurement User;HRP Supply Manager,库存与SPD领域的HRP科室申领对象；用于支撑业务闭环、权限、审计与对账。,company;organization_unit;status;posting_date,Department,Supply
ione_hrp,HRP Inventory SPD,HRP Department Requisition Line,HRP科室申领明细,Child,0,1,0,,,0,0,10,内部,HRP Procurement User;HRP Supply Manager,库存与SPD领域的HRP科室申领明细对象；用于支撑业务闭环、权限、审计与对账。,company;organization_unit,Department,Supply
ione_hrp,HRP Inventory SPD,HRP Department Stock Ledger,HRP科室库存台账,Ledger,0,0,0,format:SUP-.YYYY.-.#####,subject,0,0,30,内部,HRP Procurement User;HRP Supply Manager,库存与SPD领域的HRP科室库存台账对象；用于支撑业务闭环、权限、审计与对账。,company;organization_unit;status;posting_date,Department,Supply
ione_hrp,HRP Inventory SPD,HRP Consignment Stock,HRP寄售库存,Transaction,1,0,0,format:SUP-.YYYY.-.#####,subject,1,0,10,内部,HRP Procurement User;HRP Supply Manager,库存与SPD领域的HRP寄售库存对象；用于支撑业务闭环、权限、审计与对账。,company;organization_unit;status;posting_date,,Supply
ione_hrp,HRP Inventory SPD,HRP Consignment Settlement,HRP寄售结算,Transaction,1,0,0,format:SUP-.YYYY.-.#####,subject,1,0,10,内部,HRP Procurement User;HRP Supply Manager,库存与SPD领域的HRP寄售结算对象；用于支撑业务闭环、权限、审计与对账。,company;organization_unit;status;posting_date,,Supply
ione_hrp,HRP Inventory SPD,HRP Smart Cabinet,HRP智能柜,Transaction,1,0,0,format:SUP-.YYYY.-.#####,subject,1,0,10,内部,HRP Procurement User;HRP Supply Manager,库存与SPD领域的HRP智能柜对象；用于支撑业务闭环、权限、审计与对账。,company;organization_unit;status;posting_date,,Supply
ione_hrp,HRP Inventory SPD,HRP Smart Cabinet Slot,HRP智能柜格口,Transaction,1,0,0,format:SUP-.YYYY.-.#####,subject,1,0,10,内部,HRP Procurement User;HRP Supply Manager,库存与SPD领域的HRP智能柜格口对象；用于支撑业务闭环、权限、审计与对账。,company;organization_unit;status;posting_date,,Supply
ione_hrp,HRP Inventory SPD,HRP Cabinet Transaction,HRP柜交易,Transaction,1,0,0,format:SUP-.YYYY.-.#####,subject,1,0,10,内部,HRP Procurement User;HRP Supply Manager,库存与SPD领域的HRP柜交易对象；用于支撑业务闭环、权限、审计与对账。,company;organization_unit;status;posting_date,,Supply
ione_hrp,HRP Inventory SPD,HRP High Value Usage,HRP高值使用,Transaction,1,0,0,format:SUP-.YYYY.-.#####,subject,1,0,10,内部,HRP Procurement User;HRP Supply Manager,库存与SPD领域的HRP高值使用对象；用于支撑业务闭环、权限、审计与对账。,company;organization_unit;status;posting_date,,Supply
ione_hrp,HRP Inventory SPD,HRP Patient Consumption Link,HRP患者消耗链接,Transaction,0,0,0,format:SUP-.YYYY.-.#####,subject,1,0,10,敏感,HRP Procurement User;HRP Supply Manager,库存与SPD领域的HRP患者消耗链接对象；用于支撑业务闭环、权限、审计与对账。,company;organization_unit;status;posting_date,,Supply
ione_hrp,HRP Inventory SPD,HRP Inventory Alert,HRP盘点预警,Log,0,0,0,format:SUP-.YYYY.-.#####,subject,0,0,10,内部,HRP Procurement User;HRP Supply Manager,库存与SPD领域的HRP盘点预警对象；用于支撑业务闭环、权限、审计与对账。,company;organization_unit;status;posting_date,,Supply
ione_hrp,HRP Inventory SPD,HRP Recall Notice,HRP召回公告,Transaction,1,0,0,format:SUP-.YYYY.-.#####,subject,1,0,10,内部,HRP Procurement User;HRP Supply Manager,库存与SPD领域的HRP召回公告对象；用于支撑业务闭环、权限、审计与对账。,company;organization_unit;status;posting_date,,Supply
ione_hrp,HRP Asset,HRP Asset Acquisition Request,HRP资产购置申请,Transaction,1,0,0,format:AST-.YYYY.-.#####,subject,1,0,10,内部,HRP Asset User;HRP Equipment Manager,固定资产领域的HRP资产购置申请对象；用于支撑业务闭环、权限、审计与对账。,company;organization_unit;status;posting_date,Asset,Asset
ione_hrp,HRP Asset,HRP Asset Acquisition Line,HRP资产购置明细,Child,0,1,0,,,0,0,10,内部,HRP Asset User;HRP Equipment Manager,固定资产领域的HRP资产购置明细对象；用于支撑业务闭环、权限、审计与对账。,company;organization_unit,Asset,Asset
ione_hrp,HRP Asset,HRP Asset Feasibility Study,HRP资产可行性论证,Transaction,1,0,0,format:AST-.YYYY.-.#####,subject,1,0,10,内部,HRP Asset User;HRP Equipment Manager,固定资产领域的HRP资产可行性论证对象；用于支撑业务闭环、权限、审计与对账。,company;organization_unit;status;posting_date,Asset,Asset
ione_hrp,HRP Asset,HRP Asset Acceptance,HRP资产验收,Transaction,1,0,0,format:AST-.YYYY.-.#####,subject,1,0,10,内部,HRP Asset User;HRP Equipment Manager,固定资产领域的HRP资产验收对象；用于支撑业务闭环、权限、审计与对账。,company;organization_unit;status;posting_date,Asset,Asset
ione_hrp,HRP Asset,HRP Asset Acceptance Line,HRP资产验收明细,Child,0,1,0,,,0,0,10,内部,HRP Asset User;HRP Equipment Manager,固定资产领域的HRP资产验收明细对象；用于支撑业务闭环、权限、审计与对账。,company;organization_unit,Asset,Asset
ione_hrp,HRP Asset,HRP Asset Card Extension,HRP资产卡片扩展,Transaction,0,0,0,format:AST-.YYYY.-.#####,subject,1,0,10,内部,HRP Asset User;HRP Equipment Manager,固定资产领域的HRP资产卡片扩展对象；用于支撑业务闭环、权限、审计与对账。,company;organization_unit;status;posting_date,Asset,Asset
ione_hrp,HRP Asset,HRP Asset Custody,HRP资产保管,Transaction,1,0,0,format:AST-.YYYY.-.#####,subject,1,0,10,内部,HRP Asset User;HRP Equipment Manager,固定资产领域的HRP资产保管对象；用于支撑业务闭环、权限、审计与对账。,company;organization_unit;status;posting_date,Asset,Asset
ione_hrp,HRP Asset,HRP Asset Transfer Request,HRP资产调剂申请,Transaction,1,0,0,format:AST-.YYYY.-.#####,subject,1,0,10,内部,HRP Asset User;HRP Equipment Manager,固定资产领域的HRP资产调剂申请对象；用于支撑业务闭环、权限、审计与对账。,company;organization_unit;status;posting_date,Asset,Asset
ione_hrp,HRP Asset,HRP Asset Borrowing,HRP资产借用,Transaction,1,0,0,format:AST-.YYYY.-.#####,subject,1,0,10,内部,HRP Asset User;HRP Equipment Manager,固定资产领域的HRP资产借用对象；用于支撑业务闭环、权限、审计与对账。,company;organization_unit;status;posting_date,Asset,Asset
ione_hrp,HRP Asset,HRP Asset Inventory Plan,HRP资产盘点计划,Transaction,1,0,0,format:AST-.YYYY.-.#####,subject,1,0,10,内部,HRP Asset User;HRP Equipment Manager,固定资产领域的HRP资产盘点计划对象；用于支撑业务闭环、权限、审计与对账。,company;organization_unit;status;posting_date,Asset,Asset
ione_hrp,HRP Asset,HRP Asset Inventory Result,HRP资产盘点结果,Transaction,1,0,0,format:AST-.YYYY.-.#####,subject,1,0,10,内部,HRP Asset User;HRP Equipment Manager,固定资产领域的HRP资产盘点结果对象；用于支撑业务闭环、权限、审计与对账。,company;organization_unit;status;posting_date,Asset,Asset
ione_hrp,HRP Asset,HRP Asset Disposal Request,HRP资产处置申请,Transaction,1,0,0,format:AST-.YYYY.-.#####,subject,1,0,10,内部,HRP Asset User;HRP Equipment Manager,固定资产领域的HRP资产处置申请对象；用于支撑业务闭环、权限、审计与对账。,company;organization_unit;status;posting_date,Asset,Asset
ione_hrp,HRP Asset,HRP Asset Benefit Snapshot,HRP资产效益快照,Log,0,0,0,format:AST-.YYYY.-.#####,subject,0,0,10,内部,HRP Asset User;HRP Equipment Manager,固定资产领域的HRP资产效益快照对象；用于支撑业务闭环、权限、审计与对账。,company;organization_unit;status;posting_date,Asset,Asset
ione_hrp,HRP Asset,HRP Asset Alert,HRP资产预警,Log,0,0,0,format:AST-.YYYY.-.#####,subject,0,0,10,内部,HRP Asset User;HRP Equipment Manager,固定资产领域的HRP资产预警对象；用于支撑业务闭环、权限、审计与对账。,company;organization_unit;status;posting_date,Asset,Asset
ione_hrp,HRP Equipment,HRP Equipment Profile,HRP设备档案,Master,0,0,0,format:AST-.#####,display_name,1,1,10,内部,HRP Asset User;HRP Equipment Manager,医疗设备领域的HRP设备档案对象；用于支撑业务闭环、权限、审计与对账。,company;organization_unit,,Asset
ione_hrp,HRP Equipment,HRP Equipment Technical Parameter,HRP设备技术参数,Child,0,1,0,,,0,0,10,内部,HRP Asset User;HRP Equipment Manager,医疗设备领域的HRP设备技术参数对象；用于支撑业务闭环、权限、审计与对账。,company;organization_unit,,Asset
ione_hrp,HRP Equipment,HRP Equipment Installation,HRP设备安装,Transaction,1,0,0,format:AST-.YYYY.-.#####,subject,1,0,10,内部,HRP Asset User;HRP Equipment Manager,医疗设备领域的HRP设备安装对象；用于支撑业务闭环、权限、审计与对账。,company;organization_unit;status;posting_date,,Asset
ione_hrp,HRP Equipment,HRP Equipment Commissioning,HRP设备调试,Transaction,1,0,0,format:AST-.YYYY.-.#####,subject,1,0,10,内部,HRP Asset User;HRP Equipment Manager,医疗设备领域的HRP设备调试对象；用于支撑业务闭环、权限、审计与对账。,company;organization_unit;status;posting_date,,Asset
ione_hrp,HRP Equipment,HRP Equipment Warranty,HRP设备保修,Transaction,1,0,0,format:AST-.YYYY.-.#####,subject,1,0,10,内部,HRP Asset User;HRP Equipment Manager,医疗设备领域的HRP设备保修对象；用于支撑业务闭环、权限、审计与对账。,company;organization_unit;status;posting_date,,Asset
ione_hrp,HRP Equipment,HRP Equipment Maintenance Strategy,HRP设备维护策略,Transaction,1,0,0,format:AST-.YYYY.-.#####,subject,1,0,10,内部,HRP Asset User;HRP Equipment Manager,医疗设备领域的HRP设备维护策略对象；用于支撑业务闭环、权限、审计与对账。,company;organization_unit;status;posting_date,,Asset
ione_hrp,HRP Equipment,HRP Preventive Maintenance Plan,HRP预防性维护计划,Transaction,1,0,0,format:AST-.YYYY.-.#####,subject,1,0,10,内部,HRP Asset User;HRP Equipment Manager,医疗设备领域的HRP预防性维护计划对象；用于支撑业务闭环、权限、审计与对账。,company;organization_unit;status;posting_date,,Asset
ione_hrp,HRP Equipment,HRP Preventive Maintenance Order,HRP预防性维护订单,Transaction,1,0,0,format:AST-.YYYY.-.#####,subject,1,0,10,内部,HRP Asset User;HRP Equipment Manager,医疗设备领域的HRP预防性维护订单对象；用于支撑业务闭环、权限、审计与对账。,company;organization_unit;status;posting_date,,Asset
ione_hrp,HRP Equipment,HRP Corrective Maintenance Order,HRP纠正性维护订单,Transaction,1,0,0,format:AST-.YYYY.-.#####,subject,1,0,10,内部,HRP Asset User;HRP Equipment Manager,医疗设备领域的HRP纠正性维护订单对象；用于支撑业务闭环、权限、审计与对账。,company;organization_unit;status;posting_date,,Asset
ione_hrp,HRP Equipment,HRP Equipment Fault,HRP设备故障,Transaction,1,0,0,format:AST-.YYYY.-.#####,subject,1,0,10,内部,HRP Asset User;HRP Equipment Manager,医疗设备领域的HRP设备故障对象；用于支撑业务闭环、权限、审计与对账。,company;organization_unit;status;posting_date,,Asset
ione_hrp,HRP Equipment,HRP Equipment Spare Part,HRP设备备件Part,Transaction,1,0,0,format:AST-.YYYY.-.#####,subject,1,0,10,内部,HRP Asset User;HRP Equipment Manager,医疗设备领域的HRP设备备件Part对象；用于支撑业务闭环、权限、审计与对账。,company;organization_unit;status;posting_date,,Asset
ione_hrp,HRP Equipment,HRP Equipment Spare Usage,HRP设备备件使用,Transaction,1,0,0,format:AST-.YYYY.-.#####,subject,1,0,10,内部,HRP Asset User;HRP Equipment Manager,医疗设备领域的HRP设备备件使用对象；用于支撑业务闭环、权限、审计与对账。,company;organization_unit;status;posting_date,,Asset
ione_hrp,HRP Equipment,HRP Equipment Meter,HRP设备计量表,Transaction,1,0,0,format:AST-.YYYY.-.#####,subject,1,0,10,内部,HRP Asset User;HRP Equipment Manager,医疗设备领域的HRP设备计量表对象；用于支撑业务闭环、权限、审计与对账。,company;organization_unit;status;posting_date,,Asset
ione_hrp,HRP Equipment,HRP Calibration Plan,HRP计量校准计划,Transaction,1,0,0,format:AST-.YYYY.-.#####,subject,1,0,10,内部,HRP Asset User;HRP Equipment Manager,医疗设备领域的HRP计量校准计划对象；用于支撑业务闭环、权限、审计与对账。,company;organization_unit;status;posting_date,,Asset
ione_hrp,HRP Equipment,HRP Calibration Record,HRP计量校准记录,Transaction,1,0,0,format:AST-.YYYY.-.#####,subject,1,0,10,内部,HRP Asset User;HRP Equipment Manager,医疗设备领域的HRP计量校准记录对象；用于支撑业务闭环、权限、审计与对账。,company;organization_unit;status;posting_date,,Asset
ione_hrp,HRP Equipment,HRP Quality Control Plan,HRP质量控制计划,Transaction,1,0,0,format:AST-.YYYY.-.#####,subject,1,0,10,内部,HRP Asset User;HRP Equipment Manager,医疗设备领域的HRP质量控制计划对象；用于支撑业务闭环、权限、审计与对账。,company;organization_unit;status;posting_date,,Asset
ione_hrp,HRP Equipment,HRP Quality Control Record,HRP质量控制记录,Transaction,1,0,0,format:AST-.YYYY.-.#####,subject,1,0,10,内部,HRP Asset User;HRP Equipment Manager,医疗设备领域的HRP质量控制记录对象；用于支撑业务闭环、权限、审计与对账。,company;organization_unit;status;posting_date,,Asset
ione_hrp,HRP Equipment,HRP Equipment Downtime,HRP设备停机,Transaction,1,0,0,format:AST-.YYYY.-.#####,subject,1,0,10,内部,HRP Asset User;HRP Equipment Manager,医疗设备领域的HRP设备停机对象；用于支撑业务闭环、权限、审计与对账。,company;organization_unit;status;posting_date,,Asset
ione_hrp,HRP Logistics Facilities,HRP Service Catalog,HRP服务目录,Master,0,0,0,field:code,display_name,1,1,10,内部,HRP Asset User;HRP Equipment Manager,后勤与设施领域的HRP服务目录对象；用于支撑业务闭环、权限、审计与对账。,company;organization_unit,,Asset
ione_hrp,HRP Logistics Facilities,HRP Service Request,HRP服务申请,Transaction,1,0,0,format:AST-.YYYY.-.#####,subject,1,0,10,内部,HRP Asset User;HRP Equipment Manager,后勤与设施领域的HRP服务申请对象；用于支撑业务闭环、权限、审计与对账。,company;organization_unit;status;posting_date,,Asset
ione_hrp,HRP Logistics Facilities,HRP Work Order,HRP工单订单,Transaction,1,0,0,format:AST-.YYYY.-.#####,subject,1,0,10,内部,HRP Asset User;HRP Equipment Manager,后勤与设施领域的HRP工单订单对象；用于支撑业务闭环、权限、审计与对账。,company;organization_unit;status;posting_date,,Asset
ione_hrp,HRP Logistics Facilities,HRP Work Order Assignment,HRP工单订单分配,Transaction,1,0,0,format:AST-.YYYY.-.#####,subject,1,0,10,内部,HRP Asset User;HRP Equipment Manager,后勤与设施领域的HRP工单订单分配对象；用于支撑业务闭环、权限、审计与对账。,company;organization_unit;status;posting_date,,Asset
ione_hrp,HRP Logistics Facilities,HRP Energy Meter,HRP能源计量表,Transaction,1,0,0,format:AST-.YYYY.-.#####,subject,1,0,10,内部,HRP Asset User;HRP Equipment Manager,后勤与设施领域的HRP能源计量表对象；用于支撑业务闭环、权限、审计与对账。,company;organization_unit;status;posting_date,,Asset
ione_hrp,HRP Logistics Facilities,HRP Energy Reading,HRP能源读数,Transaction,1,0,0,format:AST-.YYYY.-.#####,subject,1,0,10,内部,HRP Asset User;HRP Equipment Manager,后勤与设施领域的HRP能源读数对象；用于支撑业务闭环、权限、审计与对账。,company;organization_unit;status;posting_date,,Asset
ione_hrp,HRP Logistics Facilities,HRP Space,HRP空间,Master,0,0,0,field:code,display_name,1,1,10,内部,HRP Asset User;HRP Equipment Manager,后勤与设施领域的HRP空间对象；用于支撑业务闭环、权限、审计与对账。,company;organization_unit,,Asset
ione_hrp,HRP Logistics Facilities,HRP Vehicle,HRP车辆,Master,0,0,0,field:code,display_name,1,1,10,内部,HRP Asset User;HRP Equipment Manager,后勤与设施领域的HRP车辆对象；用于支撑业务闭环、权限、审计与对账。,company;organization_unit,,Asset
ione_hrp,HRP Logistics Facilities,HRP Vehicle Dispatch,HRP车辆调度,Master,0,0,0,field:code,display_name,1,1,10,内部,HRP Asset User;HRP Equipment Manager,后勤与设施领域的HRP车辆调度对象；用于支撑业务闭环、权限、审计与对账。,company;organization_unit,,Asset
ione_hrp,HRP Logistics Facilities,HRP Logistics SLA,HRPLogistics服务等级,Transaction,1,0,0,format:AST-.YYYY.-.#####,subject,1,0,10,内部,HRP Asset User;HRP Equipment Manager,后勤与设施领域的HRPLogistics服务等级对象；用于支撑业务闭环、权限、审计与对账。,company;organization_unit;status;posting_date,,Asset
ione_hrp,HRP Archive,HRP Archive Classification,HRP档案分类分级,Master,0,0,0,field:code,display_name,1,1,30,内部,HRP Asset User;HRP Equipment Manager,档案领域的HRP档案分类分级对象；用于支撑业务闭环、权限、审计与对账。,company;organization_unit,,Asset
ione_hrp,HRP Archive,HRP Archive File,HRP档案File,Transaction,1,0,0,format:AST-.YYYY.-.#####,subject,1,0,30,内部,HRP Asset User;HRP Equipment Manager,档案领域的HRP档案File对象；用于支撑业务闭环、权限、审计与对账。,company;organization_unit;status;posting_date,,Asset
ione_hrp,HRP Archive,HRP Archive Transfer,HRP档案调剂,Transaction,1,0,0,format:AST-.YYYY.-.#####,subject,1,0,30,内部,HRP Asset User;HRP Equipment Manager,档案领域的HRP档案调剂对象；用于支撑业务闭环、权限、审计与对账。,company;organization_unit;status;posting_date,,Asset
ione_hrp,HRP Archive,HRP Archive Borrowing,HRP档案借用,Transaction,1,0,0,format:AST-.YYYY.-.#####,subject,1,0,30,内部,HRP Asset User;HRP Equipment Manager,档案领域的HRP档案借用对象；用于支撑业务闭环、权限、审计与对账。,company;organization_unit;status;posting_date,,Asset
ione_hrp,HRP Archive,HRP Archive Disposal,HRP档案处置,Transaction,1,0,0,format:AST-.YYYY.-.#####,subject,1,0,30,内部,HRP Asset User;HRP Equipment Manager,档案领域的HRP档案处置对象；用于支撑业务闭环、权限、审计与对账。,company;organization_unit;status;posting_date,,Asset
ione_hrp,HRP Archive,HRP Archive Audit Log,HRP档案审计日志,Log,0,0,0,format:AST-.YYYY.-.#####,subject,0,0,30,内部,HRP Asset User;HRP Equipment Manager,档案领域的HRP档案审计日志对象；用于支撑业务闭环、权限、审计与对账。,company;organization_unit;status;posting_date,,Asset
ione_hrp,HRP Credential,HRP Professional Category,HRP专业类别,Master,0,0,0,field:code,display_name,1,1,10,内部,HRP HR User;HRP Performance Manager,资质授权领域的HRP专业类别对象；用于支撑业务闭环、权限、审计与对账。,company;organization_unit,,People
ione_hrp,HRP Credential,HRP Professional Credential,HRP专业凭据,Transaction,1,0,0,format:PEO-.YYYY.-.#####,subject,1,0,10,敏感,HRP HR User;HRP Performance Manager,资质授权领域的HRP专业凭据对象；用于支撑业务闭环、权限、审计与对账。,company;organization_unit;status;posting_date,,People
ione_hrp,HRP Credential,HRP Credential Application,HRP凭据申请,Transaction,1,0,0,format:PEO-.YYYY.-.#####,subject,1,0,10,敏感,HRP HR User;HRP Performance Manager,资质授权领域的HRP凭据申请对象；用于支撑业务闭环、权限、审计与对账。,company;organization_unit;status;posting_date,,People
ione_hrp,HRP Credential,HRP Credential Verification,HRP凭据校验,Transaction,1,0,0,format:PEO-.YYYY.-.#####,subject,1,0,10,敏感,HRP HR User;HRP Performance Manager,资质授权领域的HRP凭据校验对象；用于支撑业务闭环、权限、审计与对账。,company;organization_unit;status;posting_date,,People
ione_hrp,HRP Credential,HRP Credential Renewal,HRP凭据续期,Transaction,1,0,0,format:PEO-.YYYY.-.#####,subject,1,0,10,敏感,HRP HR User;HRP Performance Manager,资质授权领域的HRP凭据续期对象；用于支撑业务闭环、权限、审计与对账。,company;organization_unit;status;posting_date,,People
ione_hrp,HRP Credential,HRP Practice Scope,HRP执业范围,Master,0,0,0,field:code,display_name,1,1,10,内部,HRP HR User;HRP Performance Manager,资质授权领域的HRP执业范围对象；用于支撑业务闭环、权限、审计与对账。,company;organization_unit,,People
ione_hrp,HRP Credential,HRP Clinical Privilege,HRP临床权限,Transaction,1,0,0,format:PEO-.YYYY.-.#####,subject,1,0,10,内部,HRP HR User;HRP Performance Manager,资质授权领域的HRP临床权限对象；用于支撑业务闭环、权限、审计与对账。,company;organization_unit;status;posting_date,,People
ione_hrp,HRP Credential,HRP Privilege Application,HRP权限申请,Transaction,1,0,0,format:PEO-.YYYY.-.#####,subject,1,0,10,内部,HRP HR User;HRP Performance Manager,资质授权领域的HRP权限申请对象；用于支撑业务闭环、权限、审计与对账。,company;organization_unit;status;posting_date,,People
ione_hrp,HRP Credential,HRP Privilege Review,HRP权限评审,Transaction,0,0,0,format:PEO-.YYYY.-.#####,subject,1,0,10,内部,HRP HR User;HRP Performance Manager,资质授权领域的HRP权限评审对象；用于支撑业务闭环、权限、审计与对账。,company;organization_unit;status;posting_date,,People
ione_hrp,HRP Credential,HRP Credential Alert,HRP凭据预警,Log,0,0,0,format:PEO-.YYYY.-.#####,subject,0,0,10,敏感,HRP HR User;HRP Performance Manager,资质授权领域的HRP凭据预警对象；用于支撑业务闭环、权限、审计与对账。,company;organization_unit;status;posting_date,,People
ione_hrp,HRP Credential,HRP Continuing Education Credit,HRP继续教育学分,Transaction,1,0,0,format:PEO-.YYYY.-.#####,subject,1,0,10,内部,HRP HR User;HRP Performance Manager,资质授权领域的HRP继续教育学分对象；用于支撑业务闭环、权限、审计与对账。,company;organization_unit;status;posting_date,,People
ione_hrp,HRP Credential,HRP Employee Compliance Profile,HRP员工合规档案,Master,0,0,0,format:PEO-.#####,display_name,1,1,10,敏感,HRP HR User;HRP Performance Manager,资质授权领域的HRP员工合规档案对象；用于支撑业务闭环、权限、审计与对账。,company;organization_unit,Employee,People
ione_hrp,HRP Roster Attendance,HRP Roster Cycle,HRP排班周期,Transaction,1,0,0,format:PEO-.YYYY.-.#####,subject,1,0,10,内部,HRP HR User;HRP Performance Manager,排班考勤领域的HRP排班周期对象；用于支撑业务闭环、权限、审计与对账。,company;organization_unit;status;posting_date,,People
ione_hrp,HRP Roster Attendance,HRP Roster Plan,HRP排班计划,Transaction,1,0,0,format:PEO-.YYYY.-.#####,subject,1,0,10,内部,HRP HR User;HRP Performance Manager,排班考勤领域的HRP排班计划对象；用于支撑业务闭环、权限、审计与对账。,company;organization_unit;status;posting_date,,People
ione_hrp,HRP Roster Attendance,HRP Roster Shift,HRP排班班次,Transaction,1,0,0,format:PEO-.YYYY.-.#####,subject,1,0,10,内部,HRP HR User;HRP Performance Manager,排班考勤领域的HRP排班班次对象；用于支撑业务闭环、权限、审计与对账。,company;organization_unit;status;posting_date,,People
ione_hrp,HRP Roster Attendance,HRP Roster Assignment,HRP排班分配,Transaction,1,0,0,format:PEO-.YYYY.-.#####,subject,1,0,10,内部,HRP HR User;HRP Performance Manager,排班考勤领域的HRP排班分配对象；用于支撑业务闭环、权限、审计与对账。,company;organization_unit;status;posting_date,,People
ione_hrp,HRP Roster Attendance,HRP Roster Change Request,HRP排班变更申请,Transaction,1,0,0,format:PEO-.YYYY.-.#####,subject,1,0,10,内部,HRP HR User;HRP Performance Manager,排班考勤领域的HRP排班变更申请对象；用于支撑业务闭环、权限、审计与对账。,company;organization_unit;status;posting_date,,People
ione_hrp,HRP Roster Attendance,HRP On Call Plan,HRP值班计划,Transaction,1,0,0,format:PEO-.YYYY.-.#####,subject,1,0,10,内部,HRP HR User;HRP Performance Manager,排班考勤领域的HRP值班计划对象；用于支撑业务闭环、权限、审计与对账。,company;organization_unit;status;posting_date,,People
ione_hrp,HRP Roster Attendance,HRP Duty Record,HRP值班记录,Transaction,1,0,0,format:PEO-.YYYY.-.#####,subject,1,0,10,内部,HRP HR User;HRP Performance Manager,排班考勤领域的HRP值班记录对象；用于支撑业务闭环、权限、审计与对账。,company;organization_unit;status;posting_date,,People
ione_hrp,HRP Roster Attendance,HRP Attendance Source,HRP考勤来源,Master,0,0,0,field:code,display_name,1,1,10,内部,HRP HR User;HRP Performance Manager,排班考勤领域的HRP考勤来源对象；用于支撑业务闭环、权限、审计与对账。,company;organization_unit,,People
ione_hrp,HRP Roster Attendance,HRP Attendance Exception,HRP考勤例外,Transaction,0,0,0,format:PEO-.YYYY.-.#####,subject,1,0,10,内部,HRP HR User;HRP Performance Manager,排班考勤领域的HRP考勤例外对象；用于支撑业务闭环、权限、审计与对账。,company;organization_unit;status;posting_date,,People
ione_hrp,HRP Roster Attendance,HRP Overtime Request,HRP加班申请,Transaction,1,0,0,format:PEO-.YYYY.-.#####,subject,1,0,10,内部,HRP HR User;HRP Performance Manager,排班考勤领域的HRP加班申请对象；用于支撑业务闭环、权限、审计与对账。,company;organization_unit;status;posting_date,,People
ione_hrp,HRP Roster Attendance,HRP Night Shift Allowance,HRP夜班班次津贴,Transaction,1,0,0,format:PEO-.YYYY.-.#####,subject,1,0,10,内部,HRP HR User;HRP Performance Manager,排班考勤领域的HRP夜班班次津贴对象；用于支撑业务闭环、权限、审计与对账。,company;organization_unit;status;posting_date,,People
ione_hrp,HRP Roster Attendance,HRP Attendance Reconciliation,HRP考勤对账,Transaction,1,0,0,format:PEO-.YYYY.-.#####,subject,1,0,10,内部,HRP HR User;HRP Performance Manager,排班考勤领域的HRP考勤对账对象；用于支撑业务闭环、权限、审计与对账。,company;organization_unit;status;posting_date;external_id;correlation_id,,People
ione_hrp,HRP Workforce,HRP Workforce Plan,HRP人力计划,Transaction,1,0,0,format:PEO-.YYYY.-.#####,subject,1,0,10,内部,HRP HR User;HRP Performance Manager,人力规划领域的HRP人力计划对象；用于支撑业务闭环、权限、审计与对账。,company;organization_unit;status;posting_date,,People
ione_hrp,HRP Workforce,HRP Position Budget,HRP岗位预算,Master,0,0,0,field:code,display_name,1,1,10,内部,HRP HR User;HRP Performance Manager,人力规划领域的HRP岗位预算对象；用于支撑业务闭环、权限、审计与对账。,company;organization_unit,,People
ione_hrp,HRP Workforce,HRP Staffing Requirement,HRP配置要求,Transaction,1,0,0,format:PEO-.YYYY.-.#####,subject,1,0,10,内部,HRP HR User;HRP Performance Manager,人力规划领域的HRP配置要求对象；用于支撑业务闭环、权限、审计与对账。,company;organization_unit;status;posting_date,,People
ione_hrp,HRP Workforce,HRP Talent Pool,HRP人才库,Master,0,0,0,field:code,display_name,1,1,10,内部,HRP HR User;HRP Performance Manager,人力规划领域的HRP人才库对象；用于支撑业务闭环、权限、审计与对账。,company;organization_unit,,People
ione_hrp,HRP Workforce,HRP Employee Movement Request,HRP员工异动申请,Transaction,1,0,0,format:PEO-.YYYY.-.#####,subject,1,0,10,敏感,HRP HR User;HRP Performance Manager,人力规划领域的HRP员工异动申请对象；用于支撑业务闭环、权限、审计与对账。,company;organization_unit;status;posting_date,Employee,People
ione_hrp,HRP Workforce,HRP Multi Practice Registration,HRP多点执业注册,Transaction,1,0,0,format:PEO-.YYYY.-.#####,subject,1,0,10,内部,HRP HR User;HRP Performance Manager,人力规划领域的HRP多点执业注册对象；用于支撑业务闭环、权限、审计与对账。,company;organization_unit;status;posting_date,,People
ione_hrp,HRP Workforce,HRP Employee Cost Profile,HRP员工成本档案,Master,0,0,0,format:PEO-.#####,display_name,1,1,10,敏感,HRP HR User;HRP Performance Manager,人力规划领域的HRP员工成本档案对象；用于支撑业务闭环、权限、审计与对账。,company;organization_unit,Employee,People
ione_hrp,HRP Workforce,HRP Workforce Snapshot,HRP人力快照,Log,0,0,0,format:PEO-.YYYY.-.#####,subject,0,0,10,内部,HRP HR User;HRP Performance Manager,人力规划领域的HRP人力快照对象；用于支撑业务闭环、权限、审计与对账。,company;organization_unit;status;posting_date,,People
ione_hrp,HRP Performance,HRP Performance Cycle,HRP绩效周期,Transaction,1,0,0,format:PEO-.YYYY.-.#####,subject,1,0,10,内部,HRP HR User;HRP Performance Manager,绩效奖金领域的HRP绩效周期对象；用于支撑业务闭环、权限、审计与对账。,company;organization_unit;status;posting_date,,People
ione_hrp,HRP Performance,HRP Performance Unit,HRP绩效单元,Master,0,0,0,field:code,display_name,1,1,10,内部,HRP HR User;HRP Performance Manager,绩效奖金领域的HRP绩效单元对象；用于支撑业务闭环、权限、审计与对账。,company;organization_unit,,People
ione_hrp,HRP Performance,HRP Indicator Library,HRP指标库,Master,0,0,0,field:code,display_name,1,1,10,内部,HRP HR User;HRP Performance Manager,绩效奖金领域的HRP指标库对象；用于支撑业务闭环、权限、审计与对账。,company;organization_unit,,People
ione_hrp,HRP Performance,HRP Indicator Formula,HRP指标公式,Transaction,1,0,0,format:PEO-.YYYY.-.#####,subject,1,0,10,内部,HRP HR User;HRP Performance Manager,绩效奖金领域的HRP指标公式对象；用于支撑业务闭环、权限、审计与对账。,company;organization_unit;status;posting_date,,People
ione_hrp,HRP Performance,HRP Performance Plan,HRP绩效计划,Transaction,1,0,0,format:PEO-.YYYY.-.#####,subject,1,0,10,内部,HRP HR User;HRP Performance Manager,绩效奖金领域的HRP绩效计划对象；用于支撑业务闭环、权限、审计与对账。,company;organization_unit;status;posting_date,,People
ione_hrp,HRP Performance,HRP Performance Target,HRP绩效目标,Transaction,1,0,0,format:PEO-.YYYY.-.#####,subject,1,0,10,内部,HRP HR User;HRP Performance Manager,绩效奖金领域的HRP绩效目标对象；用于支撑业务闭环、权限、审计与对账。,company;organization_unit;status;posting_date,,People
ione_hrp,HRP Performance,HRP Performance Data,HRP绩效数据,Transaction,1,0,0,format:PEO-.YYYY.-.#####,subject,1,0,10,内部,HRP HR User;HRP Performance Manager,绩效奖金领域的HRP绩效数据对象；用于支撑业务闭环、权限、审计与对账。,company;organization_unit;status;posting_date,,People
ione_hrp,HRP Performance,HRP Performance Score,HRP绩效评分,Child,0,1,0,,,0,0,10,内部,HRP HR User;HRP Performance Manager,绩效奖金领域的HRP绩效评分对象；用于支撑业务闭环、权限、审计与对账。,company;organization_unit,,People
ione_hrp,HRP Performance,HRP Performance Review,HRP绩效评审,Transaction,0,0,0,format:PEO-.YYYY.-.#####,subject,1,0,10,内部,HRP HR User;HRP Performance Manager,绩效奖金领域的HRP绩效评审对象；用于支撑业务闭环、权限、审计与对账。,company;organization_unit;status;posting_date,,People
ione_hrp,HRP Performance,HRP Bonus Pool,HRP奖金库,Master,0,0,0,field:code,display_name,1,1,10,内部,HRP HR User;HRP Performance Manager,绩效奖金领域的HRP奖金库对象；用于支撑业务闭环、权限、审计与对账。,company;organization_unit,,People
ione_hrp,HRP Performance,HRP Bonus Allocation Scheme,HRP奖金分摊方案,Master,0,0,0,field:code,display_name,1,1,10,内部,HRP HR User;HRP Performance Manager,绩效奖金领域的HRP奖金分摊方案对象；用于支撑业务闭环、权限、审计与对账。,company;organization_unit,,People
ione_hrp,HRP Performance,HRP Bonus Calculation,HRP奖金计算,Transaction,1,0,0,format:PEO-.YYYY.-.#####,subject,1,0,10,内部,HRP HR User;HRP Performance Manager,绩效奖金领域的HRP奖金计算对象；用于支撑业务闭环、权限、审计与对账。,company;organization_unit;status;posting_date,,People
ione_hrp,HRP Performance,HRP Bonus Adjustment,HRP奖金调整,Transaction,1,0,0,format:PEO-.YYYY.-.#####,subject,1,0,10,内部,HRP HR User;HRP Performance Manager,绩效奖金领域的HRP奖金调整对象；用于支撑业务闭环、权限、审计与对账。,company;organization_unit;status;posting_date,,People
ione_hrp,HRP Performance,HRP Performance Appeal,HRP绩效申诉,Transaction,1,0,0,format:PEO-.YYYY.-.#####,subject,1,0,10,内部,HRP HR User;HRP Performance Manager,绩效奖金领域的HRP绩效申诉对象；用于支撑业务闭环、权限、审计与对账。,company;organization_unit;status;posting_date,,People
ione_hrp,HRP Program Project,HRP Program,HRP计划,Transaction,1,0,0,format:PRJ-.YYYY.-.#####,subject,1,0,10,内部,HRP Project User;HRP Research Manager,项目管理领域的HRP计划对象；用于支撑业务闭环、权限、审计与对账。,company;organization_unit;status;posting_date,,Project
ione_hrp,HRP Program Project,HRP Project Proposal,HRP项目申报,Transaction,1,0,0,format:PRJ-.YYYY.-.#####,subject,1,0,10,内部,HRP Project User;HRP Research Manager,项目管理领域的HRP项目申报对象；用于支撑业务闭环、权限、审计与对账。,company;organization_unit;status;posting_date,Project,Project
ione_hrp,HRP Program Project,HRP Project Evaluation,HRP项目评价,Transaction,0,0,0,format:PRJ-.YYYY.-.#####,subject,1,0,10,内部,HRP Project User;HRP Research Manager,项目管理领域的HRP项目评价对象；用于支撑业务闭环、权限、审计与对账。,company;organization_unit;status;posting_date,Project,Project
ione_hrp,HRP Program Project,HRP Project Charter,HRP项目章程,Transaction,1,0,0,format:PRJ-.YYYY.-.#####,subject,1,0,10,内部,HRP Project User;HRP Research Manager,项目管理领域的HRP项目章程对象；用于支撑业务闭环、权限、审计与对账。,company;organization_unit;status;posting_date,Project,Project
ione_hrp,HRP Program Project,HRP Project Funding,HRP项目资金,Transaction,1,0,0,format:PRJ-.YYYY.-.#####,subject,1,0,10,内部,HRP Project User;HRP Research Manager,项目管理领域的HRP项目资金对象；用于支撑业务闭环、权限、审计与对账。,company;organization_unit;status;posting_date,Project,Project
ione_hrp,HRP Program Project,HRP Project Milestone,HRP项目里程碑,Transaction,1,0,0,format:PRJ-.YYYY.-.#####,subject,1,0,10,内部,HRP Project User;HRP Research Manager,项目管理领域的HRP项目里程碑对象；用于支撑业务闭环、权限、审计与对账。,company;organization_unit;status;posting_date,Project,Project
ione_hrp,HRP Program Project,HRP Project Change,HRP项目变更,Transaction,1,0,0,format:PRJ-.YYYY.-.#####,subject,1,0,10,内部,HRP Project User;HRP Research Manager,项目管理领域的HRP项目变更对象；用于支撑业务闭环、权限、审计与对账。,company;organization_unit;status;posting_date,Project,Project
ione_hrp,HRP Program Project,HRP Project Risk,HRP项目风险,Transaction,1,0,0,format:PRJ-.YYYY.-.#####,subject,1,0,10,内部,HRP Project User;HRP Research Manager,项目管理领域的HRP项目风险对象；用于支撑业务闭环、权限、审计与对账。,company;organization_unit;status;posting_date,Project,Project
ione_hrp,HRP Program Project,HRP Project Acceptance,HRP项目验收,Transaction,1,0,0,format:PRJ-.YYYY.-.#####,subject,1,0,10,内部,HRP Project User;HRP Research Manager,项目管理领域的HRP项目验收对象；用于支撑业务闭环、权限、审计与对账。,company;organization_unit;status;posting_date,Project,Project
ione_hrp,HRP Program Project,HRP Project Closure,HRP项目Closure,Transaction,1,0,0,format:PRJ-.YYYY.-.#####,subject,1,0,10,内部,HRP Project User;HRP Research Manager,项目管理领域的HRP项目Closure对象；用于支撑业务闭环、权限、审计与对账。,company;organization_unit;status;posting_date,Project,Project
ione_hrp,HRP Research,HRP Research Topic,HRP科研课题,Transaction,1,0,0,format:PRJ-.YYYY.-.#####,subject,1,0,10,内部,HRP Project User;HRP Research Manager,科研领域的HRP科研课题对象；用于支撑业务闭环、权限、审计与对账。,company;organization_unit;status;posting_date,,Project
ione_hrp,HRP Research,HRP Research Project,HRP科研项目,Transaction,1,0,0,format:PRJ-.YYYY.-.#####,subject,1,0,10,内部,HRP Project User;HRP Research Manager,科研领域的HRP科研项目对象；用于支撑业务闭环、权限、审计与对账。,company;organization_unit;status;posting_date,Project,Project
ione_hrp,HRP Research,HRP Research Ethics Link,HRP科研伦理链接,Transaction,0,0,0,format:PRJ-.YYYY.-.#####,subject,1,0,10,内部,HRP Project User;HRP Research Manager,科研领域的HRP科研伦理链接对象；用于支撑业务闭环、权限、审计与对账。,company;organization_unit;status;posting_date,,Project
ione_hrp,HRP Research,HRP Research Budget,HRP科研预算,Transaction,1,0,0,format:PRJ-.YYYY.-.#####,subject,1,0,10,内部,HRP Project User;HRP Research Manager,科研领域的HRP科研预算对象；用于支撑业务闭环、权限、审计与对账。,company;organization_unit;status;posting_date,,Project
ione_hrp,HRP Research,HRP Research Expenditure,HRP科研支出,Transaction,1,0,0,format:PRJ-.YYYY.-.#####,subject,1,0,10,内部,HRP Project User;HRP Research Manager,科研领域的HRP科研支出对象；用于支撑业务闭环、权限、审计与对账。,company;organization_unit;status;posting_date,,Project
ione_hrp,HRP Research,HRP Research Output,HRP科研成果,Transaction,1,0,0,format:PRJ-.YYYY.-.#####,subject,1,0,10,内部,HRP Project User;HRP Research Manager,科研领域的HRP科研成果对象；用于支撑业务闭环、权限、审计与对账。,company;organization_unit;status;posting_date,,Project
ione_hrp,HRP Research,HRP Intellectual Property,HRP知识产权,Transaction,1,0,0,format:PRJ-.YYYY.-.#####,subject,1,0,10,内部,HRP Project User;HRP Research Manager,科研领域的HRP知识产权对象；用于支撑业务闭环、权限、审计与对账。,company;organization_unit;status;posting_date,,Project
ione_hrp,HRP Research,HRP Research Closure,HRP科研Closure,Transaction,1,0,0,format:PRJ-.YYYY.-.#####,subject,1,0,10,内部,HRP Project User;HRP Research Manager,科研领域的HRP科研Closure对象；用于支撑业务闭环、权限、审计与对账。,company;organization_unit;status;posting_date,,Project
ione_hrp,HRP Teaching,HRP Teaching Program,HRP教学计划,Transaction,1,0,0,format:PRJ-.YYYY.-.#####,subject,1,0,10,内部,HRP Project User;HRP Research Manager,教学领域的HRP教学计划对象；用于支撑业务闭环、权限、审计与对账。,company;organization_unit;status;posting_date,,Project
ione_hrp,HRP Teaching,HRP Teaching Project,HRP教学项目,Transaction,1,0,0,format:PRJ-.YYYY.-.#####,subject,1,0,10,内部,HRP Project User;HRP Research Manager,教学领域的HRP教学项目对象；用于支撑业务闭环、权限、审计与对账。,company;organization_unit;status;posting_date,Project,Project
ione_hrp,HRP Teaching,HRP Teaching Schedule,HRP教学计划,Transaction,1,0,0,format:PRJ-.YYYY.-.#####,subject,1,0,10,内部,HRP Project User;HRP Research Manager,教学领域的HRP教学计划对象；用于支撑业务闭环、权限、审计与对账。,company;organization_unit;status;posting_date,,Project
ione_hrp,HRP Teaching,HRP Teaching Expense,HRP教学费用,Transaction,1,0,0,format:PRJ-.YYYY.-.#####,subject,1,0,10,内部,HRP Project User;HRP Research Manager,教学领域的HRP教学费用对象；用于支撑业务闭环、权限、审计与对账。,company;organization_unit;status;posting_date,,Project
ione_hrp,HRP Teaching,HRP Teaching Outcome,HRP教学成果,Transaction,1,0,0,format:PRJ-.YYYY.-.#####,subject,1,0,10,内部,HRP Project User;HRP Research Manager,教学领域的HRP教学成果对象；用于支撑业务闭环、权限、审计与对账。,company;organization_unit;status;posting_date,,Project
ione_hrp,HRP Teaching,HRP Teaching Evaluation,HRP教学评价,Transaction,0,0,0,format:PRJ-.YYYY.-.#####,subject,1,0,10,内部,HRP Project User;HRP Research Manager,教学领域的HRP教学评价对象；用于支撑业务闭环、权限、审计与对账。,company;organization_unit;status;posting_date,,Project
ione_hrp,HRP Capital,HRP Capital Project,HRP基建项目,Transaction,1,0,0,format:PRJ-.YYYY.-.#####,subject,1,0,10,内部,HRP Project User;HRP Research Manager,基建领域的HRP基建项目对象；用于支撑业务闭环、权限、审计与对账。,company;organization_unit;status;posting_date,Project,Project
ione_hrp,HRP Capital,HRP Capital Estimate,HRP基建概算,Transaction,1,0,0,format:PRJ-.YYYY.-.#####,subject,1,0,10,内部,HRP Project User;HRP Research Manager,基建领域的HRP基建概算对象；用于支撑业务闭环、权限、审计与对账。,company;organization_unit;status;posting_date,,Project
ione_hrp,HRP Capital,HRP Capital Progress,HRP基建进度,Transaction,1,0,0,format:PRJ-.YYYY.-.#####,subject,1,0,10,内部,HRP Project User;HRP Research Manager,基建领域的HRP基建进度对象；用于支撑业务闭环、权限、审计与对账。,company;organization_unit;status;posting_date,,Project
ione_hrp,HRP Capital,HRP Engineering Change,HRP工程变更,Transaction,1,0,0,format:PRJ-.YYYY.-.#####,subject,1,0,10,内部,HRP Project User;HRP Research Manager,基建领域的HRP工程变更对象；用于支撑业务闭环、权限、审计与对账。,company;organization_unit;status;posting_date,,Project
ione_hrp,HRP Capital,HRP Final Account,HRP竣工账户,Transaction,1,0,0,format:PRJ-.YYYY.-.#####,subject,1,0,10,内部,HRP Project User;HRP Research Manager,基建领域的HRP竣工账户对象；用于支撑业务闭环、权限、审计与对账。,company;organization_unit;status;posting_date,Account,Project
ione_hrp,HRP IT,HRP IT Initiative,HRP信息化项目,Transaction,1,0,0,format:PRJ-.YYYY.-.#####,subject,1,0,10,内部,HRP Project User;HRP Research Manager,信息化领域的HRP信息化项目对象；用于支撑业务闭环、权限、审计与对账。,company;organization_unit;status;posting_date,,Project
ione_hrp,HRP IT,HRP IT Architecture Review,HRP信息化架构评审,Transaction,0,0,0,format:PRJ-.YYYY.-.#####,subject,1,0,10,内部,HRP Project User;HRP Research Manager,信息化领域的HRP信息化架构评审对象；用于支撑业务闭环、权限、审计与对账。,company;organization_unit;status;posting_date,,Project
ione_hrp,HRP IT,HRP IT Requirement,HRP信息化要求,Transaction,1,0,0,format:PRJ-.YYYY.-.#####,subject,1,0,10,内部,HRP Project User;HRP Research Manager,信息化领域的HRP信息化要求对象；用于支撑业务闭环、权限、审计与对账。,company;organization_unit;status;posting_date,,Project
ione_hrp,HRP IT,HRP IT Release,HRP信息化发布,Transaction,1,0,0,format:PRJ-.YYYY.-.#####,subject,1,0,10,内部,HRP Project User;HRP Research Manager,信息化领域的HRP信息化发布对象；用于支撑业务闭环、权限、审计与对账。,company;organization_unit;status;posting_date,,Project
ione_hrp,HRP IT,HRP IT Benefit Review,HRP信息化效益评审,Transaction,0,0,0,format:PRJ-.YYYY.-.#####,subject,1,0,10,内部,HRP Project User;HRP Research Manager,信息化领域的HRP信息化效益评审对象；用于支撑业务闭环、权限、审计与对账。,company;organization_unit;status;posting_date,,Project
ione_hrp,HRP Internal Control,HRP Control Objective,HRP控制目标,Master,0,0,0,field:code,display_name,1,1,10,内部,HRP Auditor;HRP Internal Control Manager,内部控制领域的HRP控制目标对象；用于支撑业务闭环、权限、审计与对账。,company;organization_unit,,Governance
ione_hrp,HRP Internal Control,HRP Control Activity,HRP控制活动,Transaction,1,0,0,format:GOV-.YYYY.-.#####,subject,1,0,10,内部,HRP Auditor;HRP Internal Control Manager,内部控制领域的HRP控制活动对象；用于支撑业务闭环、权限、审计与对账。,company;organization_unit;status;posting_date,,Governance
ione_hrp,HRP Internal Control,HRP Control Matrix,HRP控制矩阵,Master,0,0,0,format:GOV-.#####,display_name,1,1,10,内部,HRP Auditor;HRP Internal Control Manager,内部控制领域的HRP控制矩阵对象；用于支撑业务闭环、权限、审计与对账。,company;organization_unit,,Governance
ione_hrp,HRP Internal Control,HRP Control Evidence,HRP控制证据,Log,0,0,0,format:GOV-.YYYY.-.#####,subject,0,0,10,内部,HRP Auditor;HRP Internal Control Manager,内部控制领域的HRP控制证据对象；用于支撑业务闭环、权限、审计与对账。,company;organization_unit;status;posting_date,,Governance
ione_hrp,HRP Internal Control,HRP Control Test Plan,HRP控制测试计划,Transaction,1,0,0,format:GOV-.YYYY.-.#####,subject,1,0,10,内部,HRP Auditor;HRP Internal Control Manager,内部控制领域的HRP控制测试计划对象；用于支撑业务闭环、权限、审计与对账。,company;organization_unit;status;posting_date,,Governance
ione_hrp,HRP Internal Control,HRP Control Test Result,HRP控制测试结果,Transaction,1,0,0,format:GOV-.YYYY.-.#####,subject,1,0,10,内部,HRP Auditor;HRP Internal Control Manager,内部控制领域的HRP控制测试结果对象；用于支撑业务闭环、权限、审计与对账。,company;organization_unit;status;posting_date,,Governance
ione_hrp,HRP Internal Control,HRP Control Deficiency,HRP控制缺陷,Transaction,1,0,0,format:GOV-.YYYY.-.#####,subject,1,0,10,内部,HRP Auditor;HRP Internal Control Manager,内部控制领域的HRP控制缺陷对象；用于支撑业务闭环、权限、审计与对账。,company;organization_unit;status;posting_date,,Governance
ione_hrp,HRP Internal Control,HRP Segregation Conflict,HRP不相容职责冲突,Transaction,1,0,0,format:GOV-.YYYY.-.#####,subject,1,0,10,内部,HRP Auditor;HRP Internal Control Manager,内部控制领域的HRP不相容职责冲突对象；用于支撑业务闭环、权限、审计与对账。,company;organization_unit;status;posting_date,,Governance
ione_hrp,HRP Internal Control,HRP Exception Approval,HRP例外审批,Transaction,0,0,0,format:GOV-.YYYY.-.#####,subject,1,0,10,内部,HRP Auditor;HRP Internal Control Manager,内部控制领域的HRP例外审批对象；用于支撑业务闭环、权限、审计与对账。,company;organization_unit;status;posting_date,,Governance
ione_hrp,HRP Internal Control,HRP Internal Control Assessment,HRP内部控制评估,Transaction,1,0,0,format:GOV-.YYYY.-.#####,subject,1,0,10,内部,HRP Auditor;HRP Internal Control Manager,内部控制领域的HRP内部控制评估对象；用于支撑业务闭环、权限、审计与对账。,company;organization_unit;status;posting_date,,Governance
ione_hrp,HRP Risk,HRP Risk Category,HRP风险类别,Master,0,0,0,field:code,display_name,1,1,10,内部,HRP Auditor;HRP Internal Control Manager,风险领域的HRP风险类别对象；用于支撑业务闭环、权限、审计与对账。,company;organization_unit,,Governance
ione_hrp,HRP Risk,HRP Risk Register,HRP风险登记册,Transaction,1,0,0,format:GOV-.YYYY.-.#####,subject,1,0,10,内部,HRP Auditor;HRP Internal Control Manager,风险领域的HRP风险登记册对象；用于支撑业务闭环、权限、审计与对账。,company;organization_unit;status;posting_date,,Governance
ione_hrp,HRP Risk,HRP Risk Assessment,HRP风险评估,Transaction,1,0,0,format:GOV-.YYYY.-.#####,subject,1,0,10,内部,HRP Auditor;HRP Internal Control Manager,风险领域的HRP风险评估对象；用于支撑业务闭环、权限、审计与对账。,company;organization_unit;status;posting_date,,Governance
ione_hrp,HRP Risk,HRP Risk Response,HRP风险应对,Transaction,1,0,0,format:GOV-.YYYY.-.#####,subject,1,0,10,内部,HRP Auditor;HRP Internal Control Manager,风险领域的HRP风险应对对象；用于支撑业务闭环、权限、审计与对账。,company;organization_unit;status;posting_date,,Governance
ione_hrp,HRP Risk,HRP Risk Indicator,HRP风险指标,Transaction,1,0,0,format:GOV-.YYYY.-.#####,subject,1,0,10,内部,HRP Auditor;HRP Internal Control Manager,风险领域的HRP风险指标对象；用于支撑业务闭环、权限、审计与对账。,company;organization_unit;status;posting_date,,Governance
ione_hrp,HRP Risk,HRP Risk Event,HRP风险事件,Transaction,1,0,0,format:GOV-.YYYY.-.#####,subject,1,0,10,内部,HRP Auditor;HRP Internal Control Manager,风险领域的HRP风险事件对象；用于支撑业务闭环、权限、审计与对账。,company;organization_unit;status;posting_date,,Governance
ione_hrp,HRP Risk,HRP Risk Snapshot,HRP风险快照,Log,0,0,0,format:GOV-.YYYY.-.#####,subject,0,0,10,内部,HRP Auditor;HRP Internal Control Manager,风险领域的HRP风险快照对象；用于支撑业务闭环、权限、审计与对账。,company;organization_unit;status;posting_date,,Governance
ione_hrp,HRP Audit,HRP Audit Plan,HRP审计计划,Transaction,1,0,0,format:GOV-.YYYY.-.#####,subject,1,0,30,内部,HRP Auditor;HRP Internal Control Manager,审计领域的HRP审计计划对象；用于支撑业务闭环、权限、审计与对账。,company;organization_unit;status;posting_date,,Governance
ione_hrp,HRP Audit,HRP Audit Project,HRP审计项目,Transaction,1,0,0,format:GOV-.YYYY.-.#####,subject,1,0,30,内部,HRP Auditor;HRP Internal Control Manager,审计领域的HRP审计项目对象；用于支撑业务闭环、权限、审计与对账。,company;organization_unit;status;posting_date,Project,Governance
ione_hrp,HRP Audit,HRP Audit Program,HRP审计计划,Transaction,1,0,0,format:GOV-.YYYY.-.#####,subject,1,0,30,内部,HRP Auditor;HRP Internal Control Manager,审计领域的HRP审计计划对象；用于支撑业务闭环、权限、审计与对账。,company;organization_unit;status;posting_date,,Governance
ione_hrp,HRP Audit,HRP Audit Sample,HRP审计抽样,Transaction,1,0,0,format:GOV-.YYYY.-.#####,subject,1,0,30,内部,HRP Auditor;HRP Internal Control Manager,审计领域的HRP审计抽样对象；用于支撑业务闭环、权限、审计与对账。,company;organization_unit;status;posting_date,,Governance
ione_hrp,HRP Audit,HRP Audit Working Paper,HRP审计工作底稿,Transaction,1,0,0,format:GOV-.YYYY.-.#####,subject,1,0,30,内部,HRP Auditor;HRP Internal Control Manager,审计领域的HRP审计工作底稿对象；用于支撑业务闭环、权限、审计与对账。,company;organization_unit;status;posting_date,,Governance
ione_hrp,HRP Audit,HRP Audit Evidence,HRP审计证据,Log,0,0,0,format:GOV-.YYYY.-.#####,subject,0,0,30,内部,HRP Auditor;HRP Internal Control Manager,审计领域的HRP审计证据对象；用于支撑业务闭环、权限、审计与对账。,company;organization_unit;status;posting_date,,Governance
ione_hrp,HRP Audit,HRP Audit Finding,HRP审计发现,Transaction,1,0,0,format:GOV-.YYYY.-.#####,subject,1,0,30,内部,HRP Auditor;HRP Internal Control Manager,审计领域的HRP审计发现对象；用于支撑业务闭环、权限、审计与对账。,company;organization_unit;status;posting_date,,Governance
ione_hrp,HRP Audit,HRP Remediation Plan,HRP整改计划,Transaction,1,0,0,format:GOV-.YYYY.-.#####,subject,1,0,10,内部,HRP Auditor;HRP Internal Control Manager,审计领域的HRP整改计划对象；用于支撑业务闭环、权限、审计与对账。,company;organization_unit;status;posting_date,,Governance
ione_hrp,HRP Audit,HRP Remediation Verification,HRP整改校验,Transaction,1,0,0,format:GOV-.YYYY.-.#####,subject,1,0,10,内部,HRP Auditor;HRP Internal Control Manager,审计领域的HRP整改校验对象；用于支撑业务闭环、权限、审计与对账。,company;organization_unit;status;posting_date,,Governance
ione_hrp,HRP Audit,HRP Audit Report,HRP审计报告,Transaction,1,0,0,format:GOV-.YYYY.-.#####,subject,1,0,30,内部,HRP Auditor;HRP Internal Control Manager,审计领域的HRP审计报告对象；用于支撑业务闭环、权限、审计与对账。,company;organization_unit;status;posting_date,,Governance
ione_hrp,HRP Compliance Policy,HRP Policy Document,HRP策略文件,Master,0,0,0,format:GOV-.#####,display_name,1,1,10,内部,HRP Auditor;HRP Internal Control Manager,合规制度领域的HRP策略文件对象；用于支撑业务闭环、权限、审计与对账。,company;organization_unit,,Governance
ione_hrp,HRP Compliance Policy,HRP Policy Version,HRP策略版本,Master,0,0,0,format:GOV-.#####,display_name,1,1,10,内部,HRP Auditor;HRP Internal Control Manager,合规制度领域的HRP策略版本对象；用于支撑业务闭环、权限、审计与对账。,company;organization_unit,,Governance
ione_hrp,HRP Compliance Policy,HRP Compliance Obligation,HRP合规义务,Transaction,1,0,0,format:GOV-.YYYY.-.#####,subject,1,0,10,内部,HRP Auditor;HRP Internal Control Manager,合规制度领域的HRP合规义务对象；用于支撑业务闭环、权限、审计与对账。,company;organization_unit;status;posting_date,,Governance
ione_hrp,HRP Compliance Policy,HRP Compliance Assessment,HRP合规评估,Transaction,1,0,0,format:GOV-.YYYY.-.#####,subject,1,0,10,内部,HRP Auditor;HRP Internal Control Manager,合规制度领域的HRP合规评估对象；用于支撑业务闭环、权限、审计与对账。,company;organization_unit;status;posting_date,,Governance
ione_hrp,HRP Compliance Policy,HRP Regulatory Change,HRP监管变更,Transaction,1,0,0,format:GOV-.YYYY.-.#####,subject,1,0,10,内部,HRP Auditor;HRP Internal Control Manager,合规制度领域的HRP监管变更对象；用于支撑业务闭环、权限、审计与对账。,company;organization_unit;status;posting_date,,Governance
ione_hrp,HRP Compliance Policy,HRP Compliance Incident,HRP合规事件,Transaction,1,0,0,format:GOV-.YYYY.-.#####,subject,1,0,10,内部,HRP Auditor;HRP Internal Control Manager,合规制度领域的HRP合规事件对象；用于支撑业务闭环、权限、审计与对账。,company;organization_unit;status;posting_date,,Governance
ione_hrp,HRP Compliance Policy,HRP Policy Acknowledgement,HRP策略知悉,Master,0,0,0,format:GOV-.#####,display_name,1,1,10,内部,HRP Auditor;HRP Internal Control Manager,合规制度领域的HRP策略知悉对象；用于支撑业务闭环、权限、审计与对账。,company;organization_unit,,Governance
ione_hrp,HRP Integration,HRP External System,HRP外部系统,Transaction,1,0,0,format:PLT-.YYYY.-.#####,subject,1,0,10,内部,HRP Integration Operator;HRP Data Analyst,集成领域的HRP外部系统对象；用于支撑业务闭环、权限、审计与对账。,company;organization_unit;status;posting_date;external_id;correlation_id,,Platform
ione_hrp,HRP Integration,HRP Interface Definition,HRP接口Definition,Master,0,0,0,field:code,display_name,1,1,10,内部,HRP Integration Operator;HRP Data Analyst,集成领域的HRP接口Definition对象；用于支撑业务闭环、权限、审计与对账。,company;organization_unit;external_id;correlation_id,,Platform
ione_hrp,HRP Integration,HRP Interface Field Mapping,HRP接口字段映射,Transaction,1,0,0,format:PLT-.YYYY.-.#####,subject,1,0,10,内部,HRP Integration Operator;HRP Data Analyst,集成领域的HRP接口字段映射对象；用于支撑业务闭环、权限、审计与对账。,company;organization_unit;status;posting_date;external_id;correlation_id,,Platform
ione_hrp,HRP Integration,HRP Integration Credential,HRP集成凭据,Transaction,1,0,0,format:PLT-.YYYY.-.#####,subject,1,0,10,敏感,HRP Integration Operator;HRP Data Analyst,集成领域的HRP集成凭据对象；用于支撑业务闭环、权限、审计与对账。,company;organization_unit;status;posting_date;external_id;correlation_id,,Platform
ione_hrp,HRP Integration,HRP Integration Outbox,HRP集成发件箱,Log,0,0,0,format:PLT-.YYYY.-.#####,subject,0,0,10,内部,HRP Integration Operator;HRP Data Analyst,集成领域的HRP集成发件箱对象；用于支撑业务闭环、权限、审计与对账。,company;organization_unit;status;posting_date;external_id;correlation_id,,Platform
ione_hrp,HRP Integration,HRP Integration Inbox,HRP集成收件箱,Log,0,0,0,format:PLT-.YYYY.-.#####,subject,0,0,10,内部,HRP Integration Operator;HRP Data Analyst,集成领域的HRP集成收件箱对象；用于支撑业务闭环、权限、审计与对账。,company;organization_unit;status;posting_date;external_id;correlation_id,,Platform
ione_hrp,HRP Integration,HRP Integration Message,HRP集成消息,Log,0,0,0,format:PLT-.YYYY.-.#####,subject,0,0,10,内部,HRP Integration Operator;HRP Data Analyst,集成领域的HRP集成消息对象；用于支撑业务闭环、权限、审计与对账。,company;organization_unit;status;posting_date;external_id;correlation_id,,Platform
ione_hrp,HRP Integration,HRP Integration Error,HRP集成错误,Log,0,0,0,format:PLT-.YYYY.-.#####,subject,0,0,10,内部,HRP Integration Operator;HRP Data Analyst,集成领域的HRP集成错误对象；用于支撑业务闭环、权限、审计与对账。,company;organization_unit;status;posting_date;external_id;correlation_id,,Platform
ione_hrp,HRP Integration,HRP Retry Task,HRP重试任务,Transaction,0,0,0,format:PLT-.YYYY.-.#####,subject,1,0,10,内部,HRP Integration Operator;HRP Data Analyst,集成领域的HRP重试任务对象；用于支撑业务闭环、权限、审计与对账。,company;organization_unit;status;posting_date,,Platform
ione_hrp,HRP Integration,HRP Reconciliation Job,HRP对账Job,Transaction,1,0,0,format:PLT-.YYYY.-.#####,subject,1,0,10,内部,HRP Integration Operator;HRP Data Analyst,集成领域的HRP对账Job对象；用于支撑业务闭环、权限、审计与对账。,company;organization_unit;status;posting_date;external_id;correlation_id,,Platform
ione_hrp,HRP Integration,HRP Reconciliation Difference,HRP对账差异,Log,0,0,0,format:PLT-.YYYY.-.#####,subject,0,0,10,内部,HRP Integration Operator;HRP Data Analyst,集成领域的HRP对账差异对象；用于支撑业务闭环、权限、审计与对账。,company;organization_unit;status;posting_date;external_id;correlation_id,,Platform
ione_hrp,HRP Integration,HRP Interface SLA,HRP接口服务等级,Transaction,1,0,0,format:PLT-.YYYY.-.#####,subject,1,0,10,内部,HRP Integration Operator;HRP Data Analyst,集成领域的HRP接口服务等级对象；用于支撑业务闭环、权限、审计与对账。,company;organization_unit;status;posting_date;external_id;correlation_id,,Platform
ione_hrp,HRP Data Metric,HRP Data Source,HRP数据来源,Master,0,0,0,field:code,display_name,1,1,10,内部,HRP Integration Operator;HRP Data Analyst,数据指标领域的HRP数据来源对象；用于支撑业务闭环、权限、审计与对账。,company;organization_unit,,Platform
ione_hrp,HRP Data Metric,HRP Data Pipeline,HRP数据管道,Transaction,1,0,0,format:PLT-.YYYY.-.#####,subject,1,0,10,内部,HRP Integration Operator;HRP Data Analyst,数据指标领域的HRP数据管道对象；用于支撑业务闭环、权限、审计与对账。,company;organization_unit;status;posting_date,,Platform
ione_hrp,HRP Data Metric,HRP Data Set,HRP数据集合,Transaction,1,0,0,format:PLT-.YYYY.-.#####,subject,1,0,10,内部,HRP Integration Operator;HRP Data Analyst,数据指标领域的HRP数据集合对象；用于支撑业务闭环、权限、审计与对账。,company;organization_unit;status;posting_date,,Platform
ione_hrp,HRP Data Metric,HRP Metric Definition,HRP指标Definition,Master,0,0,0,field:code,display_name,1,1,10,内部,HRP Integration Operator;HRP Data Analyst,数据指标领域的HRP指标Definition对象；用于支撑业务闭环、权限、审计与对账。,company;organization_unit,,Platform
ione_hrp,HRP Data Metric,HRP Metric Dimension,HRP指标维度,Transaction,1,0,0,format:PLT-.YYYY.-.#####,subject,1,0,10,内部,HRP Integration Operator;HRP Data Analyst,数据指标领域的HRP指标维度对象；用于支撑业务闭环、权限、审计与对账。,company;organization_unit;status;posting_date,,Platform
ione_hrp,HRP Data Metric,HRP Metric Snapshot,HRP指标快照,Log,0,0,0,format:PLT-.YYYY.-.#####,subject,0,0,10,内部,HRP Integration Operator;HRP Data Analyst,数据指标领域的HRP指标快照对象；用于支撑业务闭环、权限、审计与对账。,company;organization_unit;status;posting_date,,Platform
ione_hrp,HRP Data Metric,HRP Dashboard Definition,HRP驾驶舱Definition,Master,0,0,0,field:code,display_name,1,1,10,内部,HRP Integration Operator;HRP Data Analyst,数据指标领域的HRP驾驶舱Definition对象；用于支撑业务闭环、权限、审计与对账。,company;organization_unit,,Platform
ione_hrp,HRP Data Metric,HRP Data Quality Score,HRP数据质量评分,Child,0,1,0,,,0,0,10,内部,HRP Integration Operator;HRP Data Analyst,数据指标领域的HRP数据质量评分对象；用于支撑业务闭环、权限、审计与对账。,company;organization_unit,,Platform
ione_hrp,HRP AI,HRP AI Provider,HRPAI提供方,Master,0,0,0,field:code,display_name,1,1,10,内部,HRP Integration Operator;HRP Data Analyst,人工智能领域的HRPAI提供方对象；用于支撑业务闭环、权限、审计与对账。,company;organization_unit,,Platform
ione_hrp,HRP AI,HRP AI Model,HRPAI模型,Master,0,0,0,field:code,display_name,1,1,10,内部,HRP Integration Operator;HRP Data Analyst,人工智能领域的HRPAI模型对象；用于支撑业务闭环、权限、审计与对账。,company;organization_unit,,Platform
ione_hrp,HRP AI,HRP Prompt Template,HRP提示词模板,Master,0,0,0,field:code,display_name,1,1,10,内部,HRP Integration Operator;HRP Data Analyst,人工智能领域的HRP提示词模板对象；用于支撑业务闭环、权限、审计与对账。,company;organization_unit,,Platform
ione_hrp,HRP AI,HRP Knowledge Source,HRP知识来源,Master,0,0,0,field:code,display_name,1,1,10,内部,HRP Integration Operator;HRP Data Analyst,人工智能领域的HRP知识来源对象；用于支撑业务闭环、权限、审计与对账。,company;organization_unit,,Platform
ione_hrp,HRP AI,HRP Knowledge Chunk,HRP知识切片,Transaction,1,0,0,format:PLT-.YYYY.-.#####,subject,1,0,10,内部,HRP Integration Operator;HRP Data Analyst,人工智能领域的HRP知识切片对象；用于支撑业务闭环、权限、审计与对账。,company;organization_unit;status;posting_date,,Platform
ione_hrp,HRP AI,HRP Agent Definition,HRP智能体Definition,Master,0,0,0,field:code,display_name,1,1,10,内部,HRP Integration Operator;HRP Data Analyst,人工智能领域的HRP智能体Definition对象；用于支撑业务闭环、权限、审计与对账。,company;organization_unit,,Platform
ione_hrp,HRP AI,HRP Agent Tool Policy,HRP智能体工具策略,Master,0,0,0,format:PLT-.#####,display_name,1,1,10,内部,HRP Integration Operator;HRP Data Analyst,人工智能领域的HRP智能体工具策略对象；用于支撑业务闭环、权限、审计与对账。,company;organization_unit,,Platform
ione_hrp,HRP AI,HRP AI Invocation Log,HRPAI调用日志,Log,0,0,0,format:PLT-.YYYY.-.#####,subject,0,0,10,敏感,HRP Integration Operator;HRP Data Analyst,人工智能领域的HRPAI调用日志对象；用于支撑业务闭环、权限、审计与对账。,company;organization_unit;status;posting_date,,Platform
ione_hrp,HRP Portal,HRP Portal Profile,HRP门户档案,Master,0,0,0,format:POR-.#####,display_name,1,1,10,内部,HRP Portal User;HRP Portal Manager,门户领域的HRP门户档案对象；用于支撑业务闭环、权限、审计与对账。,company;organization_unit,,Portal
ione_hrp,HRP Portal,HRP Portal Menu,HRP门户菜单,Transaction,1,0,0,format:POR-.YYYY.-.#####,subject,1,0,10,内部,HRP Portal User;HRP Portal Manager,门户领域的HRP门户菜单对象；用于支撑业务闭环、权限、审计与对账。,company;organization_unit;status;posting_date,,Portal
ione_hrp,HRP Portal,HRP Portal Announcement,HRP门户公告,Transaction,1,0,0,format:POR-.YYYY.-.#####,subject,1,0,10,内部,HRP Portal User;HRP Portal Manager,门户领域的HRP门户公告对象；用于支撑业务闭环、权限、审计与对账。,company;organization_unit;status;posting_date,,Portal
ione_hrp,HRP Portal,HRP Portal Delegation,HRP门户委托,Transaction,1,0,0,format:POR-.YYYY.-.#####,subject,1,0,10,内部,HRP Portal User;HRP Portal Manager,门户领域的HRP门户委托对象；用于支撑业务闭环、权限、审计与对账。,company;organization_unit;status;posting_date,,Portal
ione_hrp,HRP Portal,HRP Supplier Portal Request,HRP供应商门户申请,Transaction,1,0,0,format:POR-.YYYY.-.#####,subject,1,0,10,内部,HRP Portal User;HRP Portal Manager,门户领域的HRP供应商门户申请对象；用于支撑业务闭环、权限、审计与对账。,company;organization_unit;status;posting_date,Supplier,Portal
ione_hrp,HRP Portal,HRP Employee Portal Request,HRP员工门户申请,Transaction,1,0,0,format:POR-.YYYY.-.#####,subject,1,0,10,敏感,HRP Portal User;HRP Portal Manager,门户领域的HRP员工门户申请对象；用于支撑业务闭环、权限、审计与对账。,company;organization_unit;status;posting_date,Employee,Portal
ione_hrp,HRP Portal,HRP Manager Portal Task,HRP管理者门户任务,Transaction,0,0,0,format:POR-.YYYY.-.#####,subject,1,0,10,内部,HRP Portal User;HRP Portal Manager,门户领域的HRP管理者门户任务对象；用于支撑业务闭环、权限、审计与对账。,company;organization_unit;status;posting_date,,Portal
ione_hrp,HRP Portal,HRP Portal Notification,HRP门户通知,Transaction,1,0,0,format:POR-.YYYY.-.#####,subject,1,0,10,内部,HRP Portal User;HRP Portal Manager,门户领域的HRP门户通知对象；用于支撑业务闭环、权限、审计与对账。,company;organization_unit;status;posting_date,,Portal
ione_hrp,HRP Service,HRP Service Form,HRP服务表单,Transaction,1,0,0,format:POR-.YYYY.-.#####,subject,1,0,10,内部,HRP Portal User;HRP Portal Manager,服务目录领域的HRP服务表单对象；用于支撑业务闭环、权限、审计与对账。,company;organization_unit;status;posting_date,,Portal
ione_hrp,HRP Service,HRP Service Form Field,HRP服务表单字段,Child,0,1,0,,,0,0,10,内部,HRP Portal User;HRP Portal Manager,服务目录领域的HRP服务表单字段对象；用于支撑业务闭环、权限、审计与对账。,company;organization_unit,,Portal
ione_hrp,HRP Service,HRP Service Submission,HRP服务提交,Transaction,1,0,0,format:POR-.YYYY.-.#####,subject,1,0,10,内部,HRP Portal User;HRP Portal Manager,服务目录领域的HRP服务提交对象；用于支撑业务闭环、权限、审计与对账。,company;organization_unit;status;posting_date,,Portal
ione_hrp,HRP Service,HRP Service Submission Attachment,HRP服务提交附件,Transaction,1,0,0,format:POR-.YYYY.-.#####,subject,1,0,10,内部,HRP Portal User;HRP Portal Manager,服务目录领域的HRP服务提交附件对象；用于支撑业务闭环、权限、审计与对账。,company;organization_unit;status;posting_date,,Portal
ione_hrp,HRP Service,HRP Service Feedback,HRP服务反馈,Transaction,1,0,0,format:POR-.YYYY.-.#####,subject,1,0,10,内部,HRP Portal User;HRP Portal Manager,服务目录领域的HRP服务反馈对象；用于支撑业务闭环、权限、审计与对账。,company;organization_unit;status;posting_date,,Portal
ione_hrp,HRP Service,HRP Service Knowledge Link,HRP服务知识链接,Transaction,0,0,0,format:POR-.YYYY.-.#####,subject,1,0,10,内部,HRP Portal User;HRP Portal Manager,服务目录领域的HRP服务知识链接对象；用于支撑业务闭环、权限、审计与对账。,company;organization_unit;status;posting_date,,Portal
